,pca_strat_window_size,pca_strat_n_components,pca_strat_z_threshold,pca_strat_exit_threshold,sharpe_ratio
0,300,7,2.0,0.25,-0.38960164184167456
1,300,7,2.05,0.25,-0.2946227483468448
2,300,7,2.1,0.25,-0.2769644073845707
3,300,7,2.15,0.25,-0.22760652982790575
4,300,7,2.2,0.25,-0.2035432495185567
5,300,7,2.25,0.25,0.04450415188382383
6,300,7,2.3,0.25,0.10533854196288256
7,300,7,2.35,0.25,0.22583572956661507
8,300,7,2.4,0.25,0.24441509361283828
9,300,7,2.45,0.25,0.21693724887647475
10,300,7,2.5,0.25,0.30228302360044723
11,300,7,2.55,0.25,0.3781832507584394
12,300,7,2.6,0.25,0.5198756307570279
13,300,7,2.65,0.25,-0.043411819581119296
14,300,7,2.7,0.25,0.0017652824302414832
15,300,7,2.75,0.25,-0.21035780893361655
16,300,7,2.8,0.25,-0.18934756520519275
17,300,7,2.85,0.25,-0.18934756520519275
18,300,7,2.9,0.25,-0.2509475346390474
19,300,7,2.95,0.25,-0.26842193513799467
20,300,7,3.0,0.25,0.943783892296047
21,300,7,3.05,0.25,0.943783892296047
22,302,7,2.0,0.25,-0.34045122811369577
23,302,7,2.05,0.25,-0.3592326618006585
24,302,7,2.1,0.25,-0.33759103134857715
25,302,7,2.15,0.25,-0.10585312693786837
26,302,7,2.2,0.25,-0.08596635519151037
27,302,7,2.25,0.25,0.07537662857127347
28,302,7,2.3,0.25,0.13622484733004134
29,302,7,2.35,0.25,0.206745442141466
30,302,7,2.4,0.25,0.19256293152734594
31,302,7,2.45,0.25,0.07089702854010194
32,302,7,2.5,0.25,0.300325763842401
33,302,7,2.55,0.25,0.10276931594504143
34,302,7,2.6,0.25,0.21251084345585838
35,302,7,2.65,0.25,0.14430758189412551
36,302,7,2.7,0.25,-0.030222348048182593
37,302,7,2.75,0.25,-0.10232057791956746
38,302,7,2.8,0.25,-0.10313848804190758
39,302,7,2.85,0.25,-0.4246264751659543
40,302,7,2.9,0.25,-0.35832227098614855
41,302,7,2.95,0.25,0.9271093463226349
42,302,7,3.0,0.25,0.9271093463226349
43,302,7,3.05,0.25,0.9271093463226349
44,304,7,2.0,0.25,-0.24231955062248214
45,304,7,2.05,0.25,-0.2176798638010764
46,304,7,2.1,0.25,-0.22423838703410148
47,304,7,2.15,0.25,-0.26108162849823724
48,304,7,2.2,0.25,-0.017035363480672614
49,304,7,2.25,0.25,0.047912464393592064
50,304,7,2.3,0.25,0.07317574693958465
51,304,7,2.35,0.25,0.20399419117772763
52,304,7,2.4,0.25,0.49358664515708944
53,304,7,2.45,0.25,0.4197839230904467
54,304,7,2.5,0.25,0.3842070071648335
55,304,7,2.55,0.25,0.25995112955042404
56,304,7,2.6,0.25,0.3299134546335062
57,304,7,2.65,0.25,0.2440188902410932
58,304,7,2.7,0.25,-0.021198186587179275
59,304,7,2.75,0.25,-0.03484836548969754
60,304,7,2.8,0.25,-0.06485929974659767
61,304,7,2.85,0.25,0.6798867267973976
62,304,7,2.9,0.25,0.8814445390570699
63,304,7,2.95,0.25,0.10512874515783059
64,304,7,3.0,0.25,0.10512874515783059
65,304,7,3.05,0.25,0.10512874515783059
66,306,7,2.0,0.25,-0.09616321250817769
67,306,7,2.05,0.25,-0.07454272431243764
68,306,7,2.1,0.25,0.12447138119633772
69,306,7,2.15,0.25,0.22656331729348275
70,306,7,2.2,0.25,0.27076212704085134
71,306,7,2.25,0.25,0.31112409594869994
72,306,7,2.3,0.25,0.480902470166166
73,306,7,2.35,0.25,0.5735528651234849
74,306,7,2.4,0.25,0.4805497715273935
75,306,7,2.45,0.25,0.498737278835444
76,306,7,2.5,0.25,0.3564111705032654
77,306,7,2.55,0.25,0.37653355236274344
78,306,7,2.6,0.25,0.389733551881271
79,306,7,2.65,0.25,0.45164161027233046
80,306,7,2.7,0.25,0.15780726477912263
81,306,7,2.75,0.25,-0.23986294071186895
82,306,7,2.8,0.25,1.6116544432929396
83,306,7,2.85,0.25,1.4662360262230927
84,306,7,2.9,0.25,1.1315975881385887
85,306,7,2.95,0.25,1.3999675041200828
86,306,7,3.0,0.25,1.3999675041200828
87,306,7,3.05,0.25,0.37208846584516103
88,308,7,2.0,0.25,-0.17409212508028837
89,308,7,2.05,0.25,0.10084484806392612
90,308,7,2.1,0.25,0.1418884586307711
91,308,7,2.15,0.25,0.17150390332418144
92,308,7,2.2,0.25,0.33974069505002386
93,308,7,2.25,0.25,0.3330815423864888
94,308,7,2.3,0.25,0.3885720490923006
95,308,7,2.35,0.25,0.5727698365636293
96,308,7,2.4,0.25,0.5915272880721697
97,308,7,2.45,0.25,0.5799741948560748
98,308,7,2.5,0.25,0.6603618328004366
99,308,7,2.55,0.25,0.6160887213176377
100,308,7,2.6,0.25,0.6018788926224035
101,308,7,2.65,0.25,0.8876187001449425
102,308,7,2.7,0.25,0.6500994361845446
103,308,7,2.75,0.25,0.5775159132883206
104,308,7,2.8,0.25,0.9750172414973365
105,308,7,2.85,0.25,0.9750172414973365
106,308,7,2.9,0.25,-0.1593461095637823
107,308,7,2.95,0.25,0.11650515277397352
108,308,7,3.0,0.25,0.16499513865443494
109,308,7,3.05,0.25,0.16499513865443494
110,310,7,2.0,0.25,0.10304965289015919
111,310,7,2.05,0.25,0.07069116038478301
112,310,7,2.1,0.25,0.02033580072145374
113,310,7,2.15,0.25,0.05267693905759388
114,310,7,2.2,0.25,0.24032161331186724
115,310,7,2.25,0.25,0.3914639765422095
116,310,7,2.3,0.25,0.5218938287044512
117,310,7,2.35,0.25,0.5198330291787566
118,310,7,2.4,0.25,0.6684495001398614
119,310,7,2.45,0.25,0.7494256353179329
120,310,7,2.5,0.25,0.6417100085283717
121,310,7,2.55,0.25,0.6769026855101291
122,310,7,2.6,0.25,0.6334729576151165
123,310,7,2.65,0.25,1.0448771685496276
124,310,7,2.7,0.25,0.8126858168128476
125,310,7,2.75,0.25,1.2088436162086609
126,310,7,2.8,0.25,1.4629961320913591
127,310,7,2.85,0.25,0.8912955866539676
128,310,7,2.9,0.25,0.3718502834648513
129,310,7,2.95,0.25,0.3915800603544886
130,310,7,3.0,0.25,0.5792730096676344
131,310,7,3.05,0.25,0.31111833627083024
132,312,7,2.0,0.25,0.0706629895969756
133,312,7,2.05,0.25,0.14552877784051552
134,312,7,2.1,0.25,0.18791449588413608
135,312,7,2.15,0.25,0.36723177730025286
136,312,7,2.2,0.25,0.30137007404547156
137,312,7,2.25,0.25,0.37572875465861105
138,312,7,2.3,0.25,0.511139902864533
139,312,7,2.35,0.25,0.4551220151054357
140,312,7,2.4,0.25,0.46661275301834587
141,312,7,2.45,0.25,0.48470529902421683
142,312,7,2.5,0.25,0.6789368883962378
143,312,7,2.55,0.25,0.7630432330218199
144,312,7,2.6,0.25,0.7198607155146266
145,312,7,2.65,0.25,0.6618619472522845
146,312,7,2.7,0.25,0.5591002467425887
147,312,7,2.75,0.25,0.14732796164694859
148,312,7,2.8,0.25,-0.07958697921748897
149,312,7,2.85,0.25,-0.0529138309395012
150,312,7,2.9,0.25,0.006200152769611372
151,312,7,2.95,0.25,0.006200152769611372
152,312,7,3.0,0.25,0.17029842535865014
153,312,7,3.05,0.25,0.17029842535865014
154,314,7,2.0,0.25,-0.08874837289332277
155,314,7,2.05,0.25,0.28211249150367407
156,314,7,2.1,0.25,0.35264595083116146
157,314,7,2.15,0.25,0.5014762869478747
158,314,7,2.2,0.25,0.4993571790273059
159,314,7,2.25,0.25,0.569875294281596
160,314,7,2.3,0.25,0.3202750916451868
161,314,7,2.35,0.25,0.2917601855037308
162,314,7,2.4,0.25,0.7272167562063816
163,314,7,2.45,0.25,0.7448741166804111
164,314,7,2.5,0.25,0.7706145159111767
165,314,7,2.55,0.25,0.8032442670892925
166,314,7,2.6,0.25,0.8326973017660582
167,314,7,2.65,0.25,0.6174279806630779
168,314,7,2.7,0.25,0.40885766393854434
169,314,7,2.75,0.25,0.28719948829151937
170,314,7,2.8,0.25,0.34063958840430886
171,314,7,2.85,0.25,0.3527832096750566
172,314,7,2.9,0.25,0.5698667684487908
173,314,7,2.95,0.25,0.879063213172958
174,314,7,3.0,0.25,0.743054919597361
175,314,7,3.05,0.25,0.20460807808848863
176,316,7,2.0,0.25,0.2857642212306517
177,316,7,2.05,0.25,0.19230604217552177
178,316,7,2.1,0.25,0.2807591237440546
179,316,7,2.15,0.25,0.5635548661310175
180,316,7,2.2,0.25,0.6012130948997523
181,316,7,2.25,0.25,0.6608266188019959
182,316,7,2.3,0.25,0.6337411284863358
183,316,7,2.35,0.25,0.758460594733108
184,316,7,2.4,0.25,0.9472201684367685
185,316,7,2.45,0.25,0.9088128106417924
186,316,7,2.5,0.25,0.8155988693098384
187,316,7,2.55,0.25,0.9152843787657458
188,316,7,2.6,0.25,0.8599592455800744
189,316,7,2.65,0.25,0.48473483305907483
190,316,7,2.7,0.25,0.548130829600818
191,316,7,2.75,0.25,0.30759728638161427
192,316,7,2.8,0.25,0.626700992008782
193,316,7,2.85,0.25,0.626700992008782
194,316,7,2.9,0.25,0.626700992008782
195,316,7,2.95,0.25,0.7351139725665765
196,316,7,3.0,0.25,0.6835063600746983
197,316,7,3.05,0.25,0.8110510454332833
198,318,7,2.0,0.25,0.05494548758617695
199,318,7,2.05,0.25,0.30571804252566454
200,318,7,2.1,0.25,0.5030082007332545
201,318,7,2.15,0.25,0.6900699316521783
202,318,7,2.2,0.25,0.5734877891420695
203,318,7,2.25,0.25,0.6597220329029262
204,318,7,2.3,0.25,0.6079781702288292
205,318,7,2.35,0.25,0.7368653509747628
206,318,7,2.4,0.25,0.9037552992053258
207,318,7,2.45,0.25,0.803512894260585
208,318,7,2.5,0.25,0.8775509177164053
209,318,7,2.55,0.25,0.8758272815044607
210,318,7,2.6,0.25,0.6392922078182128
211,318,7,2.65,0.25,0.7127661694985921
212,318,7,2.7,0.25,0.4861703032381703
213,318,7,2.75,0.25,0.36144132526477085
214,318,7,2.8,0.25,0.7916548824353248
215,318,7,2.85,0.25,0.5385012908976076
216,318,7,2.9,0.25,0.5385012908976076
217,318,7,2.95,0.25,0.6672960927532732
218,318,7,3.0,0.25,0.6735187656652889
219,318,7,3.05,0.25,0.6735187656652889
220,320,7,2.0,0.25,0.4549701938923219
221,320,7,2.05,0.25,0.7230573030396279
222,320,7,2.1,0.25,0.6453851290006059
223,320,7,2.15,0.25,0.5157246461496592
224,320,7,2.2,0.25,0.48895185249150946
225,320,7,2.25,0.25,0.654505715282906
226,320,7,2.3,0.25,0.8196867082014951
227,320,7,2.35,0.25,0.987377082689048
228,320,7,2.4,0.25,0.9594125653407349
229,320,7,2.45,0.25,0.6866031749976617
230,320,7,2.5,0.25,0.5784404586531637
231,320,7,2.55,0.25,0.5556980990032642
232,320,7,2.6,0.25,0.6945516016167985
233,320,7,2.65,0.25,0.5760356404488299
234,320,7,2.7,0.25,0.48266551512302147
235,320,7,2.75,0.25,0.5444573795136104
236,320,7,2.8,0.25,0.44947005723848904
237,320,7,2.85,0.25,0.817021675289565
238,320,7,2.9,0.25,0.8440989884853514
239,320,7,2.95,0.25,0.8440989884853514
240,320,7,3.0,0.25,0.8691216619849179
241,320,7,3.05,0.25,0.8100766824968715
242,322,7,2.0,0.25,-0.24454130384255077
243,322,7,2.05,0.25,-0.30015888449941636
244,322,7,2.1,0.25,-0.030589873130492627
245,322,7,2.15,0.25,0.309882069118676
246,322,7,2.2,0.25,0.2601981763794124
247,322,7,2.25,0.25,0.3394060270896758
248,322,7,2.3,0.25,0.693045265011286
249,322,7,2.35,0.25,0.4711929832023656
250,322,7,2.4,0.25,0.35739751144328424
251,322,7,2.45,0.25,0.35363603748466377
252,322,7,2.5,0.25,0.3223956002046297
253,322,7,2.55,0.25,-0.25172461872736174
254,322,7,2.6,0.25,-0.08739036901147075
255,322,7,2.65,0.25,-0.16097977605566258
256,322,7,2.7,0.25,-0.16357362519254182
257,322,7,2.75,0.25,0.666462483843895
258,322,7,2.8,0.25,0.666462483843895
259,322,7,2.85,0.25,0.611727865607371
260,322,7,2.9,0.25,0.5098334825379434
261,322,7,2.95,0.25,0.5394537972873656
262,322,7,3.0,0.25,0.5267419615077981
263,322,7,3.05,0.25,0.5385970905388098
264,324,7,2.0,0.25,0.052617798418643724
265,324,7,2.05,0.25,0.12850338220646806
266,324,7,2.1,0.25,0.005054111925944097
267,324,7,2.15,0.25,0.323205265178207
268,324,7,2.2,0.25,0.3645315049534075
269,324,7,2.25,0.25,0.49862063944658425
270,324,7,2.3,0.25,0.36905548257727855
271,324,7,2.35,0.25,0.39163220806458504
272,324,7,2.4,0.25,0.40597714524326217
273,324,7,2.45,0.25,0.44666138740907996
274,324,7,2.5,0.25,-0.3351401215988043
275,324,7,2.55,0.25,-0.034129783152799464
276,324,7,2.6,0.25,0.43218591147856955
277,324,7,2.65,0.25,0.5867847212417723
278,324,7,2.7,0.25,0.5611598913999476
279,324,7,2.75,0.25,0.5262167597663792
280,324,7,2.8,0.25,0.6092201184186073
281,324,7,2.85,0.25,0.6588427154640571
282,324,7,2.9,0.25,0.6519165198902296
283,324,7,2.95,0.25,0.6645944297424907
284,324,7,3.0,0.25,0.47214358993950617
285,324,7,3.05,0.25,0.5244436610443737
286,326,7,2.0,0.25,0.23289087481976156
287,326,7,2.05,0.25,0.1436128777364978
288,326,7,2.1,0.25,0.04575997411435688
289,326,7,2.15,0.25,0.20810444832256436
290,326,7,2.2,0.25,0.23135519984909247
291,326,7,2.25,0.25,0.406753198667105
292,326,7,2.3,0.25,0.3741282254012328
293,326,7,2.35,0.25,0.3040618756740126
294,326,7,2.4,0.25,0.6680865643855619
295,326,7,2.45,0.25,0.7828358349569126
296,326,7,2.5,0.25,-0.16949498968097446
297,326,7,2.55,0.25,-0.20214964102180635
298,326,7,2.6,0.25,-0.09968589535847285
299,326,7,2.65,0.25,0.4056605830295322
300,326,7,2.7,0.25,0.5959978545813783
301,326,7,2.75,0.25,0.7426548336019281
302,326,7,2.8,0.25,0.6882321288121261
303,326,7,2.85,0.25,0.6547923373409525
304,326,7,2.9,0.25,0.622082223581089
305,326,7,2.95,0.25,0.5980146686348894
306,326,7,3.0,0.25,0.299009367329153
307,326,7,3.05,0.25,0.24582891725794878
308,328,7,2.0,0.25,0.2224365972882442
309,328,7,2.05,0.25,0.11367382425307494
310,328,7,2.1,0.25,0.27412049915669
311,328,7,2.15,0.25,0.3818754154249683
312,328,7,2.2,0.25,0.5410349863548787
313,328,7,2.25,0.25,0.5889902597551354
314,328,7,2.3,0.25,0.4452275020432609
315,328,7,2.35,0.25,0.4386656858368218
316,328,7,2.4,0.25,0.44353874681241107
317,328,7,2.45,0.25,0.2951233888607165
318,328,7,2.5,0.25,0.0645528768597613
319,328,7,2.55,0.25,-0.04268648060548996
320,328,7,2.6,0.25,0.11813761760122687
321,328,7,2.65,0.25,0.3158823477790131
322,328,7,2.7,0.25,0.2539957854340049
323,328,7,2.75,0.25,0.35065024029619724
324,328,7,2.8,0.25,0.4566216636969486
325,328,7,2.85,0.25,0.5163760625733596
326,328,7,2.9,0.25,0.46351760194548874
327,328,7,2.95,0.25,0.6509663497024308
328,328,7,3.0,0.25,0.762739275908093
329,328,7,3.05,0.25,0.6948472623401051
330,330,7,2.0,0.25,0.3192373557460238
331,330,7,2.05,0.25,0.16340753727887322
332,330,7,2.1,0.25,0.18190638554028235
333,330,7,2.15,0.25,0.2951793342064788
334,330,7,2.2,0.25,0.2922327772031011
335,330,7,2.25,0.25,0.4625930126978113
336,330,7,2.3,0.25,0.47427567708036134
337,330,7,2.35,0.25,0.5649508875186974
338,330,7,2.4,0.25,0.3998227003282275
339,330,7,2.45,0.25,0.4096004460007011
340,330,7,2.5,0.25,0.47153250695064636
341,330,7,2.55,0.25,-0.08559796272447032
342,330,7,2.6,0.25,-0.06736118175009354
343,330,7,2.65,0.25,0.3859827621077332
344,330,7,2.7,0.25,0.36403486256634515
345,330,7,2.75,0.25,0.40151239940727695
346,330,7,2.8,0.25,0.4284313184256306
347,330,7,2.85,0.25,0.46366451815424203
348,330,7,2.9,0.25,0.3951595266327056
349,330,7,2.95,0.25,0.4472927973679169
350,330,7,3.0,0.25,0.4472927973679169
351,330,7,3.05,0.25,0.41306295718272074
352,332,7,2.0,0.25,0.05970919120467872
353,332,7,2.05,0.25,0.07102200829326678
354,332,7,2.1,0.25,0.21727101746900573
355,332,7,2.15,0.25,0.17430368244218697
356,332,7,2.2,0.25,0.1466550210223203
357,332,7,2.25,0.25,-0.06892916590029051
358,332,7,2.3,0.25,-0.04777429926551986
359,332,7,2.35,0.25,0.3020967584962114
360,332,7,2.4,0.25,0.15901469895510886
361,332,7,2.45,0.25,0.258783072063489
362,332,7,2.5,0.25,0.24897011715525658
363,332,7,2.55,0.25,0.22944696444996165
364,332,7,2.6,0.25,0.21785938397405127
365,332,7,2.65,0.25,0.2610745458265703
366,332,7,2.7,0.25,0.6278833374307456
367,332,7,2.75,0.25,0.5441663695716442
368,332,7,2.8,0.25,0.531451897162756
369,332,7,2.85,0.25,0.4975474182193663
370,332,7,2.9,0.25,0.28077749658392076
371,332,7,2.95,0.25,0.3940872959828724
372,332,7,3.0,0.25,0.40867761000056224
373,332,7,3.05,0.25,0.3787462086352661
374,334,7,2.0,0.25,-0.30431739965383997
375,334,7,2.05,0.25,0.2200829501667042
376,334,7,2.1,0.25,0.10123411086128022
377,334,7,2.15,0.25,0.08507779335323104
378,334,7,2.2,0.25,0.13693665931114912
379,334,7,2.25,0.25,0.01211830992204665
380,334,7,2.3,0.25,-0.23700986026083765
381,334,7,2.35,0.25,-0.36765614776003686
382,334,7,2.4,0.25,0.13712981620337578
383,334,7,2.45,0.25,0.404542536383397
384,334,7,2.5,0.25,0.5751171407074757
385,334,7,2.55,0.25,0.49316056936631175
386,334,7,2.6,0.25,0.4570988694851869
387,334,7,2.65,0.25,0.5902964617301203
388,334,7,2.7,0.25,0.38513126177012763
389,334,7,2.75,0.25,0.43111905180649246
390,334,7,2.8,0.25,0.7209199355263125
391,334,7,2.85,0.25,0.7258618538253109
392,334,7,2.9,0.25,0.8132272018178985
393,334,7,2.95,0.25,0.6967499247225415
394,334,7,3.0,0.25,0.6585488083134858
395,334,7,3.05,0.25,0.603933288812989
396,336,7,2.0,0.25,-0.37123069840983225
397,336,7,2.05,0.25,0.14021341223241743
398,336,7,2.1,0.25,0.20843885531874265
399,336,7,2.15,0.25,0.10015878441955993
400,336,7,2.2,0.25,0.258130748551807
401,336,7,2.25,0.25,0.0976228960246486
402,336,7,2.3,0.25,0.19460318433194806
403,336,7,2.35,0.25,0.4483123544812968
404,336,7,2.4,0.25,0.6271460642916903
405,336,7,2.45,0.25,0.5894511880120239
406,336,7,2.5,0.25,0.31204579795412823
407,336,7,2.55,0.25,0.5005906096636927
408,336,7,2.6,0.25,0.4046893974610717
409,336,7,2.65,0.25,0.4164047755280966
410,336,7,2.7,0.25,0.35697928575994314
411,336,7,2.75,0.25,0.07219791931964267
412,336,7,2.8,0.25,0.035775585210359895
413,336,7,2.85,0.25,0.09180249731559093
414,336,7,2.9,0.25,0.09180249731559093
415,336,7,2.95,0.25,-0.07186385203465044
416,336,7,3.0,0.25,-0.06063985133485348
417,336,7,3.05,0.25,-0.12574489438667866
418,338,7,2.0,0.25,-0.6783646617196517
419,338,7,2.05,0.25,0.25669888493564713
420,338,7,2.1,0.25,0.5150287145002733
421,338,7,2.15,0.25,0.7165411575756918
422,338,7,2.2,0.25,0.7174052670005363
423,338,7,2.25,0.25,0.7693252465212878
424,338,7,2.3,0.25,0.8188225045453931
425,338,7,2.35,0.25,0.8850585667367309
426,338,7,2.4,0.25,0.7690494006496469
427,338,7,2.45,0.25,0.7911856060023779
428,338,7,2.5,0.25,0.5739460631877836
429,338,7,2.55,0.25,0.5492582732811053
430,338,7,2.6,0.25,0.3948047231650914
431,338,7,2.65,0.25,0.45279013933631995
432,338,7,2.7,0.25,0.2638282350216779
433,338,7,2.75,0.25,0.214527973707101
434,338,7,2.8,0.25,0.17261525900794383
435,338,7,2.85,0.25,0.24123697322045434
436,338,7,2.9,0.25,0.16428759537434892
437,338,7,2.95,0.25,0.10302400250617054
438,338,7,3.0,0.25,0.12232001711174253
439,338,7,3.05,0.25,0.5843004481899635
440,340,7,2.0,0.25,-0.1686373158096159
441,340,7,2.05,0.25,0.17162614350279282
442,340,7,2.1,0.25,0.5846279241923537
443,340,7,2.15,0.25,0.655810571995289
444,340,7,2.2,0.25,0.5126495072494748
445,340,7,2.25,0.25,0.6130271156576726
446,340,7,2.3,0.25,0.6295672505759038
447,340,7,2.35,0.25,0.9296726243563719
448,340,7,2.4,0.25,1.1484416139825977
449,340,7,2.45,0.25,1.1177924879633656
450,340,7,2.5,0.25,0.6799327991399425
451,340,7,2.55,0.25,0.46676005511255053
452,340,7,2.6,0.25,0.43240092489662224
453,340,7,2.65,0.25,0.320156595814856
454,340,7,2.7,0.25,0.24295160300641575
455,340,7,2.75,0.25,0.2112176078320826
456,340,7,2.8,0.25,0.2284922378191755
457,340,7,2.85,0.25,0.24220790437879108
458,340,7,2.9,0.25,0.19444719504265187
459,340,7,2.95,0.25,0.1672300101566669
460,340,7,3.0,0.25,0.14488121980506513
461,340,7,3.05,0.25,0.6669643936001045
462,342,7,2.0,0.25,-0.25881872517477184
463,342,7,2.05,0.25,-0.21958987875246672
464,342,7,2.1,0.25,0.9577709643762984
465,342,7,2.15,0.25,0.9677382755593692
466,342,7,2.2,0.25,0.9569807062720755
467,342,7,2.25,0.25,1.232229765339192
468,342,7,2.3,0.25,1.328167146765737
469,342,7,2.35,0.25,1.3385276782732778
470,342,7,2.4,0.25,1.2121997470636792
471,342,7,2.45,0.25,1.4882743101110467
472,342,7,2.5,0.25,1.1818824563258712
473,342,7,2.55,0.25,1.0817407427826433
474,342,7,2.6,0.25,0.9623725586425358
475,342,7,2.65,0.25,0.8244186486616301
476,342,7,2.7,0.25,0.36760316638886675
477,342,7,2.75,0.25,0.24912376645689177
478,342,7,2.8,0.25,0.0998202012391883
479,342,7,2.85,0.25,0.25814681663020056
480,342,7,2.9,0.25,0.26860380521585325
481,342,7,2.95,0.25,0.26860380521585325
482,342,7,3.0,0.25,0.8128642135088137
483,342,7,3.05,0.25,0.8128642135088137
484,344,7,2.0,0.25,-0.3388396949240562
485,344,7,2.05,0.25,-0.34294902681693107
486,344,7,2.1,0.25,-0.644317290017869
487,344,7,2.15,0.25,-0.642286309160753
488,344,7,2.2,0.25,0.9201393122372226
489,344,7,2.25,0.25,0.7975849632488979
490,344,7,2.3,0.25,0.7712154809450681
491,344,7,2.35,0.25,0.6322090040603341
492,344,7,2.4,0.25,0.6972612350440414
493,344,7,2.45,0.25,0.8589769928529639
494,344,7,2.5,0.25,0.965847839165191
495,344,7,2.55,0.25,0.8060459564641707
496,344,7,2.6,0.25,0.6728606139307906
497,344,7,2.65,0.25,0.4332844747396442
498,344,7,2.7,0.25,0.3241051808629677
499,344,7,2.75,0.25,0.173343457240194
500,344,7,2.8,0.25,0.48266432378524277
501,344,7,2.85,0.25,0.532729442561793
502,344,7,2.9,0.25,0.589679169802601
503,344,7,2.95,0.25,0.5929068292134481
504,344,7,3.0,0.25,1.0199488880302685
505,344,7,3.05,0.25,0.6888637201029983
506,346,7,2.0,0.25,-0.13579193334667627
507,346,7,2.05,0.25,-0.09605802141497843
508,346,7,2.1,0.25,0.05106823965106648
509,346,7,2.15,0.25,0.07401745171822136
510,346,7,2.2,0.25,1.0632101725231518
511,346,7,2.25,0.25,1.1515441377131868
512,346,7,2.3,0.25,1.1942993303412588
513,346,7,2.35,0.25,1.2459112105720855
514,346,7,2.4,0.25,0.9787057693737388
515,346,7,2.45,0.25,1.0616910648459574
516,346,7,2.5,0.25,1.2713916286688676
517,346,7,2.55,0.25,1.1800039236349116
518,346,7,2.6,0.25,0.7633788706896216
519,346,7,2.65,0.25,0.785848914298454
520,346,7,2.7,0.25,0.7647865906728942
521,346,7,2.75,0.25,0.8762764235436299
522,346,7,2.8,0.25,0.8762764235436299
523,346,7,2.85,0.25,1.2948561698201082
524,346,7,2.9,0.25,1.2341688676741764
525,346,7,2.95,0.25,1.2746495360580143
526,346,7,3.0,0.25,1.1010217240074078
527,346,7,3.05,0.25,1.1570220587611206
528,348,7,2.0,0.25,0.041749691797694645
529,348,7,2.05,0.25,-0.04978117499659251
530,348,7,2.1,0.25,0.371402850918525
531,348,7,2.15,0.25,0.4001656885800048
532,348,7,2.2,0.25,0.885772820152629
533,348,7,2.25,0.25,0.869136198132145
534,348,7,2.3,0.25,0.3683956925489394
535,348,7,2.35,0.25,0.2919219574020566
536,348,7,2.4,0.25,1.0300104249662352
537,348,7,2.45,0.25,1.1276886808546585
538,348,7,2.5,0.25,1.1717669451346837
539,348,7,2.55,0.25,0.5238569526431982
540,348,7,2.6,0.25,0.5644967942795436
541,348,7,2.65,0.25,0.6190735227101674
542,348,7,2.7,0.25,1.0029897966269807
543,348,7,2.75,0.25,0.9184590596551562
544,348,7,2.8,0.25,1.2984834631429516
545,348,7,2.85,0.25,1.2250369963552534
546,348,7,2.9,0.25,1.278818621638346
547,348,7,2.95,0.25,1.076324902991359
548,348,7,3.0,0.25,1.1893093855347594
549,348,7,3.05,0.25,1.200144651494795
550,350,7,2.0,0.25,0.6172771583881146
551,350,7,2.05,0.25,0.5793953459194486
552,350,7,2.1,0.25,0.599194922428637
553,350,7,2.15,0.25,0.5558687350311095
554,350,7,2.2,0.25,1.0462078325692856
555,350,7,2.25,0.25,0.8921008063389435
556,350,7,2.3,0.25,0.8671355596302931
557,350,7,2.35,0.25,0.6781477773605546
558,350,7,2.4,0.25,0.709409074485103
559,350,7,2.45,0.25,0.7226037434726591
560,350,7,2.5,0.25,1.1179369393814775
561,350,7,2.55,0.25,1.3939365263632617
562,350,7,2.6,0.25,1.0826795340829527
563,350,7,2.65,0.25,1.0015708343667218
564,350,7,2.7,0.25,1.0339351134165724
565,350,7,2.75,0.25,0.8851935504232574
566,350,7,2.8,0.25,1.0694070628517687
567,350,7,2.85,0.25,1.062138809929786
568,350,7,2.9,0.25,1.062138809929786
569,350,7,2.95,0.25,1.0478354469604936
570,350,7,3.0,0.25,1.1762671107474387
571,350,7,3.05,0.25,0.7557621635104422
572,352,7,2.0,0.25,0.3010464000226071
573,352,7,2.05,0.25,0.557617609113675
574,352,7,2.1,0.25,0.37008100734964783
575,352,7,2.15,0.25,0.7750163476472677
576,352,7,2.2,0.25,0.8061401243858167
577,352,7,2.25,0.25,0.49571505072206734
578,352,7,2.3,0.25,0.7230102229401696
579,352,7,2.35,0.25,0.5044279465333376
580,352,7,2.4,0.25,0.2113267527439033
581,352,7,2.45,0.25,0.7893596358664282
582,352,7,2.5,0.25,0.9784103117604803
583,352,7,2.55,0.25,0.9318995889975048
584,352,7,2.6,0.25,1.0092832606175617
585,352,7,2.65,0.25,1.1482652335816068
586,352,7,2.7,0.25,1.0753999645620784
587,352,7,2.75,0.25,1.05080638658458
588,352,7,2.8,0.25,1.0176873412458147
589,352,7,2.85,0.25,1.3221639870802788
590,352,7,2.9,0.25,1.3257660414817733
591,352,7,2.95,0.25,0.8135343588760828
592,352,7,3.0,0.25,0.9318062491306313
593,352,7,3.05,0.25,0.663428600823805
594,354,7,2.0,0.25,0.17053406939926358
595,354,7,2.05,0.25,0.4675901174225788
596,354,7,2.1,0.25,0.7412107258001274
597,354,7,2.15,0.25,0.5268193543288998
598,354,7,2.2,0.25,0.47046612165996365
599,354,7,2.25,0.25,0.47100597258293736
600,354,7,2.3,0.25,0.6283326559323263
601,354,7,2.35,0.25,0.8446033691592665
602,354,7,2.4,0.25,0.8774013989774389
603,354,7,2.45,0.25,0.991670913305745
604,354,7,2.5,0.25,0.9332185604063966
605,354,7,2.55,0.25,0.9866238570746998
606,354,7,2.6,0.25,0.9057154478292362
607,354,7,2.65,0.25,1.0325813580422745
608,354,7,2.7,0.25,0.8303537263085532
609,354,7,2.75,0.25,0.8671345315911314
610,354,7,2.8,0.25,1.1791718199758225
611,354,7,2.85,0.25,1.1938969882745125
612,354,7,2.9,0.25,0.9259305410275782
613,354,7,2.95,0.25,0.7751050234702737
614,354,7,3.0,0.25,0.7286136327279972
615,354,7,3.05,0.25,0.7600789008366114
616,356,7,2.0,0.25,0.267310729143968
617,356,7,2.05,0.25,0.3515896827486295
618,356,7,2.1,0.25,0.3018953315333419
619,356,7,2.15,0.25,0.3076828133297834
620,356,7,2.2,0.25,0.44433241767547577
621,356,7,2.25,0.25,0.14470771022948561
622,356,7,2.3,0.25,0.33348523028826327
623,356,7,2.35,0.25,0.495666692326127
624,356,7,2.4,0.25,0.6255234699471679
625,356,7,2.45,0.25,0.5169211561569006
626,356,7,2.5,0.25,0.6435503724691853
627,356,7,2.55,0.25,0.529742746872074
628,356,7,2.6,0.25,0.6495348778762492
629,356,7,2.65,0.25,0.5635397679230219
630,356,7,2.7,0.25,0.7891447412412845
631,356,7,2.75,0.25,0.8206208790333104
632,356,7,2.8,0.25,0.6361609670725212
633,356,7,2.85,0.25,0.8069890632644192
634,356,7,2.9,0.25,0.7989017033937882
635,356,7,2.95,0.25,0.8870992309007071
636,356,7,3.0,0.25,0.9023488008949356
637,356,7,3.05,0.25,1.0661953960851536
638,358,7,2.0,0.25,0.2839789549208645
639,358,7,2.05,0.25,0.20169126808944587
640,358,7,2.1,0.25,0.23102936670693575
641,358,7,2.15,0.25,0.32925999580860793
642,358,7,2.2,0.25,0.07496595099114958
643,358,7,2.25,0.25,-0.07351426386162044
644,358,7,2.3,0.25,0.004014169310087066
645,358,7,2.35,0.25,0.23008905213349942
646,358,7,2.4,0.25,0.5883009866214451
647,358,7,2.45,0.25,0.47765794239753173
648,358,7,2.5,0.25,0.4303298712543733
649,358,7,2.55,0.25,0.4373528692658066
650,358,7,2.6,0.25,0.5936001642251095
651,358,7,2.65,0.25,0.6828269200518494
652,358,7,2.7,0.25,0.6102535067819402
653,358,7,2.75,0.25,0.5023849430329027
654,358,7,2.8,0.25,0.5235984233062666
655,358,7,2.85,0.25,0.7511730384620269
656,358,7,2.9,0.25,0.6716401755925413
657,358,7,2.95,0.25,0.6716401755925413
658,358,7,3.0,0.25,0.7941670206121473
659,358,7,3.05,0.25,0.9074468552174058
660,360,7,2.0,0.25,0.41367320398032736
661,360,7,2.05,0.25,0.3113823001886368
662,360,7,2.1,0.25,0.32303535214016016
663,360,7,2.15,0.25,0.339402919307609
664,360,7,2.2,0.25,0.4355833626602294
665,360,7,2.25,0.25,0.03717734431206079
666,360,7,2.3,0.25,0.09733200005249555
667,360,7,2.35,0.25,0.1741354077948661
668,360,7,2.4,0.25,0.11240192867847994
669,360,7,2.45,0.25,0.2116035198344039
670,360,7,2.5,0.25,0.1040341241992094
671,360,7,2.55,0.25,-0.043372923122592826
672,360,7,2.6,0.25,0.5216932042558712
673,360,7,2.65,0.25,0.6773162235683327
674,360,7,2.7,0.25,0.5612122244846928
675,360,7,2.75,0.25,0.6588245286614652
676,360,7,2.8,0.25,0.8426514458496177
677,360,7,2.85,0.25,0.8465989120776434
678,360,7,2.9,0.25,0.8358005232563162
679,360,7,2.95,0.25,1.0058299041698309
680,360,7,3.0,0.25,1.0058299041698309
681,360,7,3.05,0.25,1.0633884403659104
682,362,7,2.0,0.25,0.3302333985282246
683,362,7,2.05,0.25,0.1782048178238997
684,362,7,2.1,0.25,0.409430520791364
685,362,7,2.15,0.25,0.5023820585936195
686,362,7,2.2,0.25,0.20059451510881826
687,362,7,2.25,0.25,0.15806638926445152
688,362,7,2.3,0.25,0.1616587233187403
689,362,7,2.35,0.25,0.2095783366395228
690,362,7,2.4,0.25,0.2243509375894682
691,362,7,2.45,0.25,0.13613716239074905
692,362,7,2.5,0.25,-0.10940025062411388
693,362,7,2.55,0.25,-0.022655904195271196
694,362,7,2.6,0.25,0.5045486228783106
695,362,7,2.65,0.25,0.6786755568859355
696,362,7,2.7,0.25,0.8228031994887665
697,362,7,2.75,0.25,1.0792667149720423
698,362,7,2.8,0.25,1.1638225542364833
699,362,7,2.85,0.25,1.2839972134619078
700,362,7,2.9,0.25,1.0492114175805631
701,362,7,2.95,0.25,1.0816386649016043
702,362,7,3.0,0.25,1.0761434234654923
703,362,7,3.05,0.25,0.5153767433661953
704,364,7,2.0,0.25,0.4114237683551178
705,364,7,2.05,0.25,0.5439522249858035
706,364,7,2.1,0.25,0.5631498891703159
707,364,7,2.15,0.25,0.549386044753127
708,364,7,2.2,0.25,0.5854784520832167
709,364,7,2.25,0.25,0.2265059697306894
710,364,7,2.3,0.25,0.24493589487027131
711,364,7,2.35,0.25,0.31281526920928426
712,364,7,2.4,0.25,0.13966208902872465
713,364,7,2.45,0.25,0.12394712803026135
714,364,7,2.5,0.25,0.8305095081709987
715,364,7,2.55,0.25,0.799521846948717
716,364,7,2.6,0.25,0.6193630822302484
717,364,7,2.65,0.25,0.7149904929163701
718,364,7,2.7,0.25,1.1831588552975354
719,364,7,2.75,0.25,1.0472638369747842
720,364,7,2.8,0.25,0.8744003005623816
721,364,7,2.85,0.25,0.5563362320761734
722,364,7,2.9,0.25,0.5222183799465175
723,364,7,2.95,0.25,0.5165096538217597
724,364,7,3.0,0.25,0.5118684809164454
725,364,7,3.05,0.25,0.40026883247327877
726,366,7,2.0,0.25,-0.18269703236643786
727,366,7,2.05,0.25,0.2889957301765058
728,366,7,2.1,0.25,0.30169290462934717
729,366,7,2.15,0.25,0.31388232671779215
730,366,7,2.2,0.25,0.33433181021524844
731,366,7,2.25,0.25,0.315554883039448
732,366,7,2.3,0.25,0.4597011022242402
733,366,7,2.35,0.25,0.30746027476198695
734,366,7,2.4,0.25,0.3725942044158425
735,366,7,2.45,0.25,0.6517321146346818
736,366,7,2.5,0.25,0.5196297561618963
737,366,7,2.55,0.25,0.6337361058309066
738,366,7,2.6,0.25,0.7856826161200241
739,366,7,2.65,0.25,0.6868736884003935
740,366,7,2.7,0.25,0.35861533746202395
741,366,7,2.75,0.25,0.5974698120378017
742,366,7,2.8,0.25,0.8014170756087816
743,366,7,2.85,0.25,0.7685766528027539
744,366,7,2.9,0.25,0.667697256035714
745,366,7,2.95,0.25,0.33499911773417995
746,366,7,3.0,0.25,0.33499911773417995
747,366,7,3.05,0.25,0.33281417458789553
748,368,7,2.0,0.25,-0.298405522253447
749,368,7,2.05,0.25,0.2622909322334721
750,368,7,2.1,0.25,0.02173159746286988
751,368,7,2.15,0.25,0.1856337422433969
752,368,7,2.2,0.25,0.24942591493241964
753,368,7,2.25,0.25,0.3205054479643722
754,368,7,2.3,0.25,0.22580472190494089
755,368,7,2.35,0.25,0.3800375544338158
756,368,7,2.4,0.25,0.24402248498695675
757,368,7,2.45,0.25,0.5005084125158122
758,368,7,2.5,0.25,0.44775515970211593
759,368,7,2.55,0.25,0.7166736476382687
760,368,7,2.6,0.25,0.6228582081068847
761,368,7,2.65,0.25,0.25551572507030296
762,368,7,2.7,0.25,0.15198646020338114
763,368,7,2.75,0.25,0.29104775261874055
764,368,7,2.8,0.25,0.45464396512321575
765,368,7,2.85,0.25,0.45464396512321575
766,368,7,2.9,0.25,0.11881537771620687
767,368,7,2.95,0.25,0.29263703785357337
768,368,7,3.0,0.25,0.3694349404277409
769,368,7,3.05,0.25,-0.1284806925201384
770,370,7,2.0,0.25,-0.4277895066445446
771,370,7,2.05,0.25,0.09365939264751966
772,370,7,2.1,0.25,0.26839696996501705
773,370,7,2.15,0.25,0.29798365413165767
774,370,7,2.2,0.25,0.1888069717738761
775,370,7,2.25,0.25,0.046524335314155736
776,370,7,2.3,0.25,0.10897844206687315
777,370,7,2.35,0.25,1.097653288840566
778,370,7,2.4,0.25,0.8680192947766933
779,370,7,2.45,0.25,0.7003071869684054
780,370,7,2.5,0.25,0.7694076329609212
781,370,7,2.55,0.25,1.269330838973529
782,370,7,2.6,0.25,0.5852956176877566
783,370,7,2.65,0.25,0.3883846181800852
784,370,7,2.7,0.25,0.5117514753207132
785,370,7,2.75,0.25,0.6104849567685429
786,370,7,2.8,0.25,0.6409075022426656
787,370,7,2.85,0.25,0.4696953302538874
788,370,7,2.9,0.25,0.5376461576818884
789,370,7,2.95,0.25,0.5376461576818884
790,370,7,3.0,0.25,0.3918458186729163
791,370,7,3.05,0.25,0.6475100329950857
792,372,7,2.0,0.25,-0.3380472765296166
793,372,7,2.05,0.25,0.10733194249823223
794,372,7,2.1,0.25,0.3022465041408033
795,372,7,2.15,0.25,0.38695435363128466
796,372,7,2.2,0.25,0.37362340365901575
797,372,7,2.25,0.25,0.3368148576749944
798,372,7,2.3,0.25,1.0437445663979192
799,372,7,2.35,0.25,0.6147536396656532
800,372,7,2.4,0.25,0.5511496507718195
801,372,7,2.45,0.25,0.6236842093272735
802,372,7,2.5,0.25,0.7293937249741493
803,372,7,2.55,0.25,0.24208141590078827
804,372,7,2.6,0.25,0.3482335736254508
805,372,7,2.65,0.25,0.468511848016631
806,372,7,2.7,0.25,0.025426005241052346
807,372,7,2.75,0.25,-0.19774048330755112
808,372,7,2.8,0.25,0.11900593176718344
809,372,7,2.85,0.25,0.11900593176718344
810,372,7,2.9,0.25,0.2986575527245688
811,372,7,2.95,0.25,0.2986575527245688
812,372,7,3.0,0.25,0.2986575527245688
813,372,7,3.05,0.25,0.4522138409249426
814,374,7,2.0,0.25,0.3730514460497926
815,374,7,2.05,0.25,0.48770620662615866
816,374,7,2.1,0.25,0.4727500002816047
817,374,7,2.15,0.25,0.6465227840336261
818,374,7,2.2,0.25,0.6603838769412932
819,374,7,2.25,0.25,0.7048964485905845
820,374,7,2.3,0.25,0.8284923506051798
821,374,7,2.35,0.25,0.7426436046694574
822,374,7,2.4,0.25,0.7749087660539178
823,374,7,2.45,0.25,0.6524261592665095
824,374,7,2.5,0.25,0.6234078731090451
825,374,7,2.55,0.25,0.8122050182970678
826,374,7,2.6,0.25,0.7164402216971447
827,374,7,2.65,0.25,0.3749633270309949
828,374,7,2.7,0.25,0.19919379580531663
829,374,7,2.75,0.25,0.3593397313874585
830,374,7,2.8,0.25,0.32988052602724394
831,374,7,2.85,0.25,0.28538933160656066
832,374,7,2.9,0.25,0.276471840008319
833,374,7,2.95,0.25,0.36569506837368876
834,374,7,3.0,0.25,0.46531409680818525
835,374,7,3.05,0.25,0.6339443564265512
836,376,7,2.0,0.25,0.7398811346806584
837,376,7,2.05,0.25,0.8808219641985884
838,376,7,2.1,0.25,0.8843189529834057
839,376,7,2.15,0.25,0.9372241007158196
840,376,7,2.2,0.25,0.8427487807660925
841,376,7,2.25,0.25,0.9187709434486493
842,376,7,2.3,0.25,0.9798761714408545
843,376,7,2.35,0.25,1.0428200115117547
844,376,7,2.4,0.25,0.9997856431797139
845,376,7,2.45,0.25,0.7802923307863602
846,376,7,2.5,0.25,0.9008350023795181
847,376,7,2.55,0.25,0.6243733636476599
848,376,7,2.6,0.25,0.4810517792046028
849,376,7,2.65,0.25,0.4742269049240303
850,376,7,2.7,0.25,0.882339047501446
851,376,7,2.75,0.25,0.9657413590957462
852,376,7,2.8,0.25,0.8275129973097977
853,376,7,2.85,0.25,0.3353243645917721
854,376,7,2.9,0.25,0.39023731466363537
855,376,7,2.95,0.25,0.4766940271432774
856,376,7,3.0,0.25,0.887767007255337
857,376,7,3.05,0.25,0.887767007255337
858,378,7,2.0,0.25,0.7663239905032506
859,378,7,2.05,0.25,0.9554554530456388
860,378,7,2.1,0.25,0.960922974261458
861,378,7,2.15,0.25,0.6943340489447614
862,378,7,2.2,0.25,1.2320162538156918
863,378,7,2.25,0.25,1.1865971917019904
864,378,7,2.3,0.25,1.1872399559439986
865,378,7,2.35,0.25,1.1404972278728476
866,378,7,2.4,0.25,1.0959836108415935
867,378,7,2.45,0.25,1.1159177598595615
868,378,7,2.5,0.25,1.331192242346823
869,378,7,2.55,0.25,0.8559444353417934
870,378,7,2.6,0.25,0.8006770887601371
871,378,7,2.65,0.25,1.1714241107858605
872,378,7,2.7,0.25,0.9808025923675505
873,378,7,2.75,0.25,0.8480236858959133
874,378,7,2.8,0.25,1.126370504726874
875,378,7,2.85,0.25,1.2470089395347417
876,378,7,2.9,0.25,1.2391642037657091
877,378,7,2.95,0.25,1.3058226002278952
878,378,7,3.0,0.25,1.149684590208825
879,378,7,3.05,0.25,1.149684590208825
880,380,7,2.0,0.25,0.6173047688514111
881,380,7,2.05,0.25,0.7080653670341215
882,380,7,2.1,0.25,0.5782923873286062
883,380,7,2.15,0.25,0.7323614727072983
884,380,7,2.2,0.25,1.1431783980884993
885,380,7,2.25,0.25,1.017180126330368
886,380,7,2.3,0.25,0.9165436051960196
887,380,7,2.35,0.25,1.022065076611852
888,380,7,2.4,0.25,0.8601183736701443
889,380,7,2.45,0.25,0.7201748974357151
890,380,7,2.5,0.25,0.8160244745944956
891,380,7,2.55,0.25,0.8105935425499667
892,380,7,2.6,0.25,0.5538836357939737
893,380,7,2.65,0.25,1.0802689531512568
894,380,7,2.7,0.25,1.067658943785701
895,380,7,2.75,0.25,1.1192423332545183
896,380,7,2.8,0.25,0.9371519523865697
897,380,7,2.85,0.25,1.2059932118422385
898,380,7,2.9,0.25,1.2059848960466601
899,380,7,2.95,0.25,1.186414308780811
900,380,7,3.0,0.25,1.478267956395024
901,380,7,3.05,0.25,0.8763041556256168
902,382,7,2.0,0.25,0.4527418421125235
903,382,7,2.05,0.25,0.7242246731165038
904,382,7,2.1,0.25,0.6672348588061138
905,382,7,2.15,0.25,0.970265044649224
906,382,7,2.2,0.25,1.053923763156908
907,382,7,2.25,0.25,0.8896493137191518
908,382,7,2.3,0.25,0.8063212888355058
909,382,7,2.35,0.25,0.5040704726865415
910,382,7,2.4,0.25,0.6999788407939774
911,382,7,2.45,0.25,0.839018024590617
912,382,7,2.5,0.25,0.6362373928368474
913,382,7,2.55,0.25,0.5110421595311743
914,382,7,2.6,0.25,0.9293323519230057
915,382,7,2.65,0.25,0.8329617763895265
916,382,7,2.7,0.25,0.7402649087722755
917,382,7,2.75,0.25,0.9383426091350006
918,382,7,2.8,0.25,1.045993952320525
919,382,7,2.85,0.25,0.9483660035444675
920,382,7,2.9,0.25,0.3284889800857087
921,382,7,2.95,0.25,0.3082391155100837
922,382,7,3.0,0.25,0.6792380897818514
923,382,7,3.05,0.25,0.6792380897818514
924,384,7,2.0,0.25,0.4304866466739442
925,384,7,2.05,0.25,1.0397860531872272
926,384,7,2.1,0.25,1.1477608618342108
927,384,7,2.15,0.25,1.0583131006884732
928,384,7,2.2,0.25,0.877896157204109
929,384,7,2.25,0.25,0.7898762951728008
930,384,7,2.3,0.25,0.7853953807512317
931,384,7,2.35,0.25,0.6250807332632292
932,384,7,2.4,0.25,0.36319530021206176
933,384,7,2.45,0.25,0.1824923701516611
934,384,7,2.5,0.25,0.6816288589990785
935,384,7,2.55,0.25,0.7467606664714158
936,384,7,2.6,0.25,1.0967036181945367
937,384,7,2.65,0.25,1.0295666049856038
938,384,7,2.7,0.25,1.052399046740056
939,384,7,2.75,0.25,1.118393845950609
940,384,7,2.8,0.25,1.5793940356996055
941,384,7,2.85,0.25,1.7437128039473218
942,384,7,2.9,0.25,1.7573282761706273
943,384,7,2.95,0.25,1.789519274291004
944,384,7,3.0,0.25,1.789519274291004
945,384,7,3.05,0.25,1.789519274291004
946,386,7,2.0,0.25,0.7173379040139882
947,386,7,2.05,0.25,1.0740882618672132
948,386,7,2.1,0.25,1.086764641161588
949,386,7,2.15,0.25,1.0853449242641144
950,386,7,2.2,0.25,0.8674316661197985
951,386,7,2.25,0.25,0.8071709107510411
952,386,7,2.3,0.25,0.8624721790129146
953,386,7,2.35,0.25,0.7175034193489721
954,386,7,2.4,0.25,0.6036509194446251
955,386,7,2.45,0.25,0.7449388412184702
956,386,7,2.5,0.25,0.7886093735328887
957,386,7,2.55,0.25,0.7341925653652495
958,386,7,2.6,0.25,1.0252719547452496
959,386,7,2.65,0.25,1.2396297972897008
960,386,7,2.7,0.25,1.8264432122312353
961,386,7,2.75,0.25,1.707684150931667
962,386,7,2.8,0.25,1.7659273601269805
963,386,7,2.85,0.25,1.6832237456111312
964,386,7,2.9,0.25,1.6832237456111312
965,386,7,2.95,0.25,1.614509484934432
966,386,7,3.0,0.25,1.0692545198727568
967,386,7,3.05,0.25,1.0692545198727568
968,388,7,2.0,0.25,1.04964644995561
969,388,7,2.05,0.25,0.907824607782921
970,388,7,2.1,0.25,1.0724437926273085
971,388,7,2.15,0.25,1.0586830968535037
972,388,7,2.2,0.25,1.1343952402760467
973,388,7,2.25,0.25,1.1364930411222383
974,388,7,2.3,0.25,0.9419251655955417
975,388,7,2.35,0.25,1.0024680600532274
976,388,7,2.4,0.25,0.9470940334949328
977,388,7,2.45,0.25,0.8979059954680855
978,388,7,2.5,0.25,0.6863977729908366
979,388,7,2.55,0.25,0.8597492130789383
980,388,7,2.6,0.25,1.3280269845015464
981,388,7,2.65,0.25,1.293065578837938
982,388,7,2.7,0.25,1.4000428642250051
983,388,7,2.75,0.25,1.2896829817627244
984,388,7,2.8,0.25,1.7047732760339036
985,388,7,2.85,0.25,1.7047732760339036
986,388,7,2.9,0.25,1.0875864982614034
987,388,7,2.95,0.25,1.0875864982614034
988,388,7,3.0,0.25,1.0875864982614034
989,388,7,3.05,0.25,1.0875864982614034
990,390,7,2.0,0.25,0.9573844677284313
991,390,7,2.05,0.25,0.9653319384956255
992,390,7,2.1,0.25,0.6341608159031155
993,390,7,2.15,0.25,0.4951030988303209
994,390,7,2.2,0.25,0.6291243263274113
995,390,7,2.25,0.25,1.0298795462933565
996,390,7,2.3,0.25,0.9096371255986527
997,390,7,2.35,0.25,0.8207749577557574
998,390,7,2.4,0.25,0.7714689732521657
999,390,7,2.45,0.25,1.0300490217766696
1000,390,7,2.5,0.25,1.1569208300574925
1001,390,7,2.55,0.25,1.2888672300071662
1002,390,7,2.6,0.25,1.4731217708598958
1003,390,7,2.65,0.25,1.5421518764833426
1004,390,7,2.7,0.25,1.5764088229521034
1005,390,7,2.75,0.25,1.6767919625093093
1006,390,7,2.8,0.25,1.7904306967070354
1007,390,7,2.85,0.25,1.1741734417209737
1008,390,7,2.9,0.25,1.1741734417209737
1009,390,7,2.95,0.25,1.1723208105263794
1010,390,7,3.0,0.25,1.1723208105263794
1011,390,7,3.05,0.25,1.3789437402463252
1012,392,7,2.0,0.25,0.5438264642644872
1013,392,7,2.05,0.25,0.6108698214649682
1014,392,7,2.1,0.25,0.5557301598454886
1015,392,7,2.15,0.25,0.6436236279542656
1016,392,7,2.2,0.25,0.5383178104092451
1017,392,7,2.25,0.25,0.5151091582206262
1018,392,7,2.3,0.25,0.4749391221977857
1019,392,7,2.35,0.25,0.7825183546543679
1020,392,7,2.4,0.25,0.5493169337168835
1021,392,7,2.45,0.25,0.8044460238896834
1022,392,7,2.5,0.25,0.9695507350111955
1023,392,7,2.55,0.25,0.9310416687520126
1024,392,7,2.6,0.25,0.8270366699380272
1025,392,7,2.65,0.25,1.8874203230971378
1026,392,7,2.7,0.25,1.5033610969636264
1027,392,7,2.75,0.25,1.5135978772991006
1028,392,7,2.8,0.25,1.5018702994690143
1029,392,7,2.85,0.25,1.2001652372650027
1030,392,7,2.9,0.25,1.2001652372650027
1031,392,7,2.95,0.25,1.2296080692739115
1032,392,7,3.0,0.25,0.5056925078179079
1033,392,7,3.05,0.25,0.5056925078179079
1034,394,7,2.0,0.25,0.20759753455978905
1035,394,7,2.05,0.25,0.47889335586263837
1036,394,7,2.1,0.25,0.6240621258984794
1037,394,7,2.15,0.25,0.7756540662843479
1038,394,7,2.2,0.25,0.8235264848917403
1039,394,7,2.25,0.25,0.5836444372539501
1040,394,7,2.3,0.25,0.6185503695423635
1041,394,7,2.35,0.25,0.6464405054650205
1042,394,7,2.4,0.25,0.5148967524262551
1043,394,7,2.45,0.25,0.500349089988462
1044,394,7,2.5,0.25,0.6598214378839818
1045,394,7,2.55,0.25,0.8453555371817173
1046,394,7,2.6,0.25,0.8756139788833174
1047,394,7,2.65,0.25,1.6077849000817996
1048,394,7,2.7,0.25,1.6557266119547442
1049,394,7,2.75,0.25,1.3597250504647798
1050,394,7,2.8,0.25,0.9077060850187914
1051,394,7,2.85,0.25,1.0165418614038233
1052,394,7,2.9,0.25,0.9445391553245089
1053,394,7,2.95,0.25,0.8227392134733653
1054,394,7,3.0,0.25,inf
1055,394,7,3.05,0.25,inf
1056,396,7,2.0,0.25,0.3093562146930075
1057,396,7,2.05,0.25,0.4525502686671157
1058,396,7,2.1,0.25,0.9819217560480262
1059,396,7,2.15,0.25,1.2004944199636916
1060,396,7,2.2,0.25,0.7530660584775442
1061,396,7,2.25,0.25,0.8911458648464786
1062,396,7,2.3,0.25,0.6602513792112558
1063,396,7,2.35,0.25,0.5490698011664131
1064,396,7,2.4,0.25,0.5952146883963821
1065,396,7,2.45,0.25,0.4803665775087069
1066,396,7,2.5,0.25,0.6454160234921972
1067,396,7,2.55,0.25,0.7653659226371815
1068,396,7,2.6,0.25,0.4049469308430131
1069,396,7,2.65,0.25,0.7394321164961591
1070,396,7,2.7,0.25,0.7733304580576068
1071,396,7,2.75,0.25,0.7854454417453858
1072,396,7,2.8,0.25,0.7823512718503686
1073,396,7,2.85,0.25,0.8805158099628259
1074,396,7,2.9,0.25,0.9672728516046181
1075,396,7,2.95,0.25,0.5096791546612843
1076,396,7,3.0,0.25,inf
1077,396,7,3.05,0.25,inf
1078,398,7,2.0,0.25,0.07903529102592464
1079,398,7,2.05,0.25,0.7893897041380418
1080,398,7,2.1,0.25,0.6371475038905017
1081,398,7,2.15,0.25,0.6121367619360998
1082,398,7,2.2,0.25,0.6211327981496356
1083,398,7,2.25,0.25,0.6658192152923019
1084,398,7,2.3,0.25,0.6973777782842899
1085,398,7,2.35,0.25,0.7618773363585568
1086,398,7,2.4,0.25,0.5290261031217041
1087,398,7,2.45,0.25,0.32439617774658347
1088,398,7,2.5,0.25,0.38980573889068104
1089,398,7,2.55,0.25,0.7272671879341097
1090,398,7,2.6,0.25,0.8724809429714002
1091,398,7,2.65,0.25,0.38643274754271784
1092,398,7,2.7,0.25,0.7720869687945145
1093,398,7,2.75,0.25,0.5896445403824202
1094,398,7,2.8,0.25,0.5816928813565007
1095,398,7,2.85,0.25,0.7057822756413435
1096,398,7,2.9,0.25,0.5360081624815975
1097,398,7,2.95,0.25,0.5360081624815975
1098,398,7,3.0,0.25,inf
1099,398,7,3.05,0.25,inf
1100,400,7,2.0,0.25,0.5485854678855056
1101,400,7,2.05,0.25,0.9113446849974522
1102,400,7,2.1,0.25,0.8694045923247871
1103,400,7,2.15,0.25,0.7824339743674127
1104,400,7,2.2,0.25,0.7711343346304294
1105,400,7,2.25,0.25,0.7370870141993155
1106,400,7,2.3,0.25,0.5513508685468542
1107,400,7,2.35,0.25,0.4453451580298474
1108,400,7,2.4,0.25,0.5287568208794471
1109,400,7,2.45,0.25,0.8962164531243814
1110,400,7,2.5,0.25,0.9227732996175324
1111,400,7,2.55,0.25,0.6577575383162083
1112,400,7,2.6,0.25,0.23333897404842302
1113,400,7,2.65,0.25,0.7687533881805304
1114,400,7,2.7,0.25,0.8008110196171065
1115,400,7,2.75,0.25,0.8629767508267516
1116,400,7,2.8,0.25,0.7878085252900098
1117,400,7,2.85,0.25,1.1693904855872614
1118,400,7,2.9,0.25,0.6388067787477636
1119,400,7,2.95,0.25,0.788938456247315
1120,400,7,3.0,0.25,0.788938456247315
1121,400,7,3.05,0.25,inf
1122,402,7,2.0,0.25,0.2931988027002407
1123,402,7,2.05,0.25,0.651497147559916
1124,402,7,2.1,0.25,0.6655039033878829
1125,402,7,2.15,0.25,0.8799254832066467
1126,402,7,2.2,0.25,0.7203696799034861
1127,402,7,2.25,0.25,0.560300757787053
1128,402,7,2.3,0.25,0.6233044056289715
1129,402,7,2.35,0.25,0.7868429217432973
1130,402,7,2.4,0.25,0.9841201575163703
1131,402,7,2.45,0.25,0.9722505248370031
1132,402,7,2.5,0.25,1.028199760176879
1133,402,7,2.55,0.25,0.7455642513039309
1134,402,7,2.6,0.25,1.0187965279887026
1135,402,7,2.65,0.25,1.0348587384699488
1136,402,7,2.7,0.25,0.6086691795290596
1137,402,7,2.75,0.25,0.6146809938674372
1138,402,7,2.8,0.25,0.3784273289957346
1139,402,7,2.85,0.25,0.3784273289957346
1140,402,7,2.9,0.25,0.35858096601588885
1141,402,7,2.95,0.25,inf
1142,402,7,3.0,0.25,inf
1143,402,7,3.05,0.25,inf
1144,404,7,2.0,0.25,0.2981109160163019
1145,404,7,2.05,0.25,0.6451468884825855
1146,404,7,2.1,0.25,0.7952339998719942
1147,404,7,2.15,0.25,0.7662616567034652
1148,404,7,2.2,0.25,0.8421161553087019
1149,404,7,2.25,0.25,0.8526284553602917
1150,404,7,2.3,0.25,0.8321676785525693
1151,404,7,2.35,0.25,0.7008137060658994
1152,404,7,2.4,0.25,0.7762392646846004
1153,404,7,2.45,0.25,1.2304404517974505
1154,404,7,2.5,0.25,0.7672980004581398
1155,404,7,2.55,0.25,0.5408027768809684
1156,404,7,2.6,0.25,0.28795500976297994
1157,404,7,2.65,0.25,0.2380155890474046
1158,404,7,2.7,0.25,0.3244704171173015
1159,404,7,2.75,0.25,0.8496140201926539
1160,404,7,2.8,0.25,0.6488279395418552
1161,404,7,2.85,0.25,inf
1162,404,7,2.9,0.25,inf
1163,404,7,2.95,0.25,inf
1164,404,7,3.0,0.25,inf
1165,404,7,3.05,0.25,inf
1166,406,7,2.0,0.25,0.5037972615050079
1167,406,7,2.05,0.25,0.48917768382585525
1168,406,7,2.1,0.25,0.44424165352272244
1169,406,7,2.15,0.25,0.554785810006756
1170,406,7,2.2,0.25,0.3316342304065343
1171,406,7,2.25,0.25,0.27926188722800543
1172,406,7,2.3,0.25,0.5384846666855827
1173,406,7,2.35,0.25,0.8010858597862547
1174,406,7,2.4,0.25,0.8108412746711101
1175,406,7,2.45,0.25,0.6190066392870286
1176,406,7,2.5,0.25,-0.12839396027851618
1177,406,7,2.55,0.25,-0.32160937029441466
1178,406,7,2.6,0.25,-0.42020762438137327
1179,406,7,2.65,0.25,-0.308440797382438
1180,406,7,2.7,0.25,0.3920786278971533
1181,406,7,2.75,0.25,1.2494898077002985
1182,406,7,2.8,0.25,1.104462920367571
1183,406,7,2.85,0.25,1.0797295733512768
1184,406,7,2.9,0.25,1.0797295733512768
1185,406,7,2.95,0.25,inf
1186,406,7,3.0,0.25,inf
1187,406,7,3.05,0.25,inf
1188,408,7,2.0,0.25,0.04324382698276987
1189,408,7,2.05,0.25,0.1960010810091377
1190,408,7,2.1,0.25,0.1707554758254604
1191,408,7,2.15,0.25,0.4618310197579663
1192,408,7,2.2,0.25,0.37314826195862616
1193,408,7,2.25,0.25,0.3890767423144268
1194,408,7,2.3,0.25,0.5588552338298285
1195,408,7,2.35,0.25,0.7868078663443052
1196,408,7,2.4,0.25,0.9821367034867636
1197,408,7,2.45,0.25,0.2488018792075836
1198,408,7,2.5,0.25,0.02178488949296452
1199,408,7,2.55,0.25,-0.05542631798166516
1200,408,7,2.6,0.25,0.16990677207229166
1201,408,7,2.65,0.25,0.08258059313993353
1202,408,7,2.7,0.25,0.1258833730795909
1203,408,7,2.75,0.25,0.09531599087915932
1204,408,7,2.8,0.25,0.7625439831831978
1205,408,7,2.85,0.25,0.4471391831682502
1206,408,7,2.9,0.25,1.0757891787259695
1207,408,7,2.95,0.25,1.0757891787259695
1208,408,7,3.0,0.25,1.0757891787259695
1209,408,7,3.05,0.25,1.0757891787259695
1210,410,7,2.0,0.25,0.23824561607094474
1211,410,7,2.05,0.25,0.5998855404362934
1212,410,7,2.1,0.25,0.6850467716000559
1213,410,7,2.15,0.25,0.527012349706139
1214,410,7,2.2,0.25,0.41189253219681243
1215,410,7,2.25,0.25,0.636636206385715
1216,410,7,2.3,0.25,0.5105613220799369
1217,410,7,2.35,0.25,0.7917561071586707
1218,410,7,2.4,0.25,0.5811127741439748
1219,410,7,2.45,0.25,0.457722411581886
1220,410,7,2.5,0.25,0.3263236429105009
1221,410,7,2.55,0.25,0.8433715517338397
1222,410,7,2.6,0.25,0.4251548879475764
1223,410,7,2.65,0.25,0.42732579109370494
1224,410,7,2.7,0.25,0.2254636183367458
1225,410,7,2.75,0.25,0.2254636183367458
1226,410,7,2.8,0.25,-0.36361533772561244
1227,410,7,2.85,0.25,-0.36361533772561244
1228,410,7,2.9,0.25,1.0244259321513784
1229,410,7,2.95,0.25,1.0244259321513784
1230,410,7,3.0,0.25,1.159976217171035
1231,410,7,3.05,0.25,inf
1232,412,7,2.0,0.25,0.514867793498753
1233,412,7,2.05,0.25,0.5086749034819059
1234,412,7,2.1,0.25,0.46969963665075387
1235,412,7,2.15,0.25,0.39324876425943434
1236,412,7,2.2,0.25,0.3210285922213924
1237,412,7,2.25,0.25,0.14714495115470574
1238,412,7,2.3,0.25,0.44970987200979495
1239,412,7,2.35,0.25,0.5037984265415549
1240,412,7,2.4,0.25,0.6346876903584523
1241,412,7,2.45,0.25,0.5024539593738057
1242,412,7,2.5,0.25,0.6533862370349203
1243,412,7,2.55,0.25,0.8488193229384763
1244,412,7,2.6,0.25,0.5643183967694696
1245,412,7,2.65,0.25,0.7523320901676421
1246,412,7,2.7,0.25,0.36931633732319147
1247,412,7,2.75,0.25,0.4257036866501563
1248,412,7,2.8,0.25,0.17163837537278967
1249,412,7,2.85,0.25,-0.1402393210640794
1250,412,7,2.9,0.25,0.748408576301431
1251,412,7,2.95,0.25,0.8356245640845898
1252,412,7,3.0,0.25,1.1998745719246877
1253,412,7,3.05,0.25,inf
1254,414,7,2.0,0.25,0.39317046877819345
1255,414,7,2.05,0.25,0.21880154134810237
1256,414,7,2.1,0.25,0.2465009132616953
1257,414,7,2.15,0.25,0.1560795188980211
1258,414,7,2.2,0.25,0.18440528760257946
1259,414,7,2.25,0.25,0.2588153466139512
1260,414,7,2.3,0.25,0.3827800796789404
1261,414,7,2.35,0.25,0.4669198210329327
1262,414,7,2.4,0.25,0.40443317194413164
1263,414,7,2.45,0.25,0.5291861416583895
1264,414,7,2.5,0.25,0.4298433383196558
1265,414,7,2.55,0.25,0.07389254725215802
1266,414,7,2.6,0.25,0.14311629807989917
1267,414,7,2.65,0.25,0.3868760805077137
1268,414,7,2.7,0.25,0.6194056891494588
1269,414,7,2.75,0.25,0.336576925893003
1270,414,7,2.8,0.25,0.15340732526550563
1271,414,7,2.85,0.25,0.15340732526550563
1272,414,7,2.9,0.25,0.5150604713295222
1273,414,7,2.95,0.25,-0.026089113924077367
1274,414,7,3.0,0.25,-0.026089113924077367
1275,414,7,3.05,0.25,inf
1276,416,7,2.0,0.25,0.4855344949479472
1277,416,7,2.05,0.25,0.4265875213784039
1278,416,7,2.1,0.25,0.3596468504221751
1279,416,7,2.15,0.25,0.39648961404010796
1280,416,7,2.2,0.25,0.3738306246798077
1281,416,7,2.25,0.25,0.47817530727721497
1282,416,7,2.3,0.25,0.5189663203424327
1283,416,7,2.35,0.25,0.570877527889222
1284,416,7,2.4,0.25,0.2549099736713341
1285,416,7,2.45,0.25,0.4690381674008443
1286,416,7,2.5,0.25,0.18739419295818452
1287,416,7,2.55,0.25,0.20188130126852027
1288,416,7,2.6,0.25,0.41851615544373366
1289,416,7,2.65,0.25,0.797088783801409
1290,416,7,2.7,0.25,0.2571139995559262
1291,416,7,2.75,0.25,0.04261305270378502
1292,416,7,2.8,0.25,-0.004738799932842514
1293,416,7,2.85,0.25,0.7341446331181013
1294,416,7,2.9,0.25,inf
1295,416,7,2.95,0.25,inf
1296,416,7,3.0,0.25,inf
1297,416,7,3.05,0.25,inf
1298,418,7,2.0,0.25,0.38836827658988193
1299,418,7,2.05,0.25,0.4159380845913713
1300,418,7,2.1,0.25,0.39259258400721037
1301,418,7,2.15,0.25,0.21958977589705336
1302,418,7,2.2,0.25,0.17041739324725902
1303,418,7,2.25,0.25,0.18473287542648664
1304,418,7,2.3,0.25,0.25123709406195055
1305,418,7,2.35,0.25,-0.03903815335563205
1306,418,7,2.4,0.25,-0.09859360164042519
1307,418,7,2.45,0.25,-0.1896677009979987
1308,418,7,2.5,0.25,-0.4734831357939738
1309,418,7,2.55,0.25,-0.23688279578841245
1310,418,7,2.6,0.25,0.3424555800449201
1311,418,7,2.65,0.25,0.31870156376708453
1312,418,7,2.7,0.25,0.06916734339774709
1313,418,7,2.75,0.25,-0.18671548370950747
1314,418,7,2.8,0.25,0.4949715578558913
1315,418,7,2.85,0.25,-0.08697640562665816
1316,418,7,2.9,0.25,inf
1317,418,7,2.95,0.25,inf
1318,418,7,3.0,0.25,inf
1319,418,7,3.05,0.25,inf
1320,420,7,2.0,0.25,0.5382330793745878
1321,420,7,2.05,0.25,0.40778382736050534
1322,420,7,2.1,0.25,0.31883115684449215
1323,420,7,2.15,0.25,0.47091599690014774
1324,420,7,2.2,0.25,0.29415393134180295
1325,420,7,2.25,0.25,0.21563057386150639
1326,420,7,2.3,0.25,0.23507444039102965
1327,420,7,2.35,0.25,0.2609951383185653
1328,420,7,2.4,0.25,0.2593100700614052
1329,420,7,2.45,0.25,0.0723337282250406
1330,420,7,2.5,0.25,0.08422738773370875
1331,420,7,2.55,0.25,0.4141347154832003
1332,420,7,2.6,0.25,0.29134285617462946
1333,420,7,2.65,0.25,0.44382829133605267
1334,420,7,2.7,0.25,0.42393508737388125
1335,420,7,2.75,0.25,0.42393508737388125
1336,420,7,2.8,0.25,0.576405181539738
1337,420,7,2.85,0.25,0.29256534966237663
1338,420,7,2.9,0.25,inf
1339,420,7,2.95,0.25,inf
1340,420,7,3.0,0.25,inf
1341,420,7,3.05,0.25,inf
1342,422,7,2.0,0.25,0.6777973499008706
1343,422,7,2.05,0.25,0.5306088010832112
1344,422,7,2.1,0.25,0.6987822387486121
1345,422,7,2.15,0.25,0.6713440487705488
1346,422,7,2.2,0.25,0.42077539502011296
1347,422,7,2.25,0.25,0.48620356412696464
1348,422,7,2.3,0.25,0.5781674787941927
1349,422,7,2.35,0.25,0.40232806786230824
1350,422,7,2.4,0.25,0.2660115955980163
1351,422,7,2.45,0.25,0.08193159289104696
1352,422,7,2.5,0.25,0.062400178477795935
1353,422,7,2.55,0.25,-0.06550691704464302
1354,422,7,2.6,0.25,0.06431574274692202
1355,422,7,2.65,0.25,0.49390158967091247
1356,422,7,2.7,0.25,0.3587379356923094
1357,422,7,2.75,0.25,0.4448020218785953
1358,422,7,2.8,0.25,0.4448020218785953
1359,422,7,2.85,0.25,0.07159376939123258
1360,422,7,2.9,0.25,-0.07413134436867631
1361,422,7,2.95,0.25,-0.11843920703678486
1362,422,7,3.0,0.25,-0.11843920703678486
1363,422,7,3.05,0.25,-0.11843920703678486
1364,424,7,2.0,0.25,0.7028481164278293
1365,424,7,2.05,0.25,0.4773913751420829
1366,424,7,2.1,0.25,0.31235856957771885
1367,424,7,2.15,0.25,0.3302979376960791
1368,424,7,2.2,0.25,0.25357180913930605
1369,424,7,2.25,0.25,0.3307076669459588
1370,424,7,2.3,0.25,0.2978221536603147
1371,424,7,2.35,0.25,0.10322044062077389
1372,424,7,2.4,0.25,0.03584164205787354
1373,424,7,2.45,0.25,0.09840482919088485
1374,424,7,2.5,0.25,0.05868914843121368
1375,424,7,2.55,0.25,-0.3801634970698231
1376,424,7,2.6,0.25,-0.20911981223477916
1377,424,7,2.65,0.25,-0.0873374382955751
1378,424,7,2.7,0.25,-0.1719341318302018
1379,424,7,2.75,0.25,-0.2697761366544804
1380,424,7,2.8,0.25,0.515975251187528
1381,424,7,2.85,0.25,0.515975251187528
1382,424,7,2.9,0.25,0.515975251187528
1383,424,7,2.95,0.25,0.515975251187528
1384,424,7,3.0,0.25,0.515975251187528
1385,424,7,3.05,0.25,1.05146798311701
1386,426,7,2.0,0.25,0.21236596438225197
1387,426,7,2.05,0.25,0.34069111147047487
1388,426,7,2.1,0.25,0.22960429198091892
1389,426,7,2.15,0.25,0.23626282310538846
1390,426,7,2.2,0.25,0.28626669906632046
1391,426,7,2.25,0.25,0.3324498584969925
1392,426,7,2.3,0.25,0.2989308955510854
1393,426,7,2.35,0.25,0.21652353270425562
1394,426,7,2.4,0.25,0.11642541845944776
1395,426,7,2.45,0.25,0.049170537500080026
1396,426,7,2.5,0.25,0.12537527689653313
1397,426,7,2.55,0.25,0.031970412945180264
1398,426,7,2.6,0.25,-0.15604811042680106
1399,426,7,2.65,0.25,0.8805265008183226
1400,426,7,2.7,0.25,0.794534769361705
1401,426,7,2.75,0.25,0.794534769361705
1402,426,7,2.8,0.25,0.5870913257793074
1403,426,7,2.85,0.25,0.698038861550523
1404,426,7,2.9,0.25,0.6985936911843847
1405,426,7,2.95,0.25,0.6985936911843847
1406,426,7,3.0,0.25,0.6985936911843847
1407,426,7,3.05,0.25,0.1836478708380334
1408,428,7,2.0,0.25,0.056316109305121494
1409,428,7,2.05,0.25,-0.1352288123381638
1410,428,7,2.1,0.25,-0.03631597567939187
1411,428,7,2.15,0.25,0.009675812055854643
1412,428,7,2.2,0.25,0.023863112634101343
1413,428,7,2.25,0.25,0.13992544531060178
1414,428,7,2.3,0.25,-0.07830269498712748
1415,428,7,2.35,0.25,0.38045280936435594
1416,428,7,2.4,0.25,0.4407589775349783
1417,428,7,2.45,0.25,0.3868264026376562
1418,428,7,2.5,0.25,0.44078078946866645
1419,428,7,2.55,0.25,0.8761519272168713
1420,428,7,2.6,0.25,0.2757134862641326
1421,428,7,2.65,0.25,0.8481555304961891
1422,428,7,2.7,0.25,0.9249842494416085
1423,428,7,2.75,0.25,0.8825729947318286
1424,428,7,2.8,0.25,0.8825729947318286
1425,428,7,2.85,0.25,0.883562912350541
1426,428,7,2.9,0.25,0.883562912350541
1427,428,7,2.95,0.25,0.8631472783730159
1428,428,7,3.0,0.25,0.6675095892232049
1429,428,7,3.05,0.25,0.3313296837110995
1430,430,7,2.0,0.25,-0.1840525525866616
1431,430,7,2.05,0.25,-0.1723274289852293
1432,430,7,2.1,0.25,-0.01819809153305403
1433,430,7,2.15,0.25,0.054132314262128896
1434,430,7,2.2,0.25,-0.0028031631192079504
1435,430,7,2.25,0.25,0.28808480075757764
1436,430,7,2.3,0.25,0.2860792834703245
1437,430,7,2.35,0.25,0.34520092494773413
1438,430,7,2.4,0.25,0.29377960469423303
1439,430,7,2.45,0.25,0.18782782146107002
1440,430,7,2.5,0.25,0.48299322924176863
1441,430,7,2.55,0.25,0.25684887477009966
1442,430,7,2.6,0.25,0.3657881371574052
1443,430,7,2.65,0.25,0.8868343290312708
1444,430,7,2.7,0.25,0.6700810400328493
1445,430,7,2.75,0.25,0.8903618320110283
1446,430,7,2.8,0.25,0.8687232856804286
1447,430,7,2.85,0.25,0.7302999512412366
1448,430,7,2.9,0.25,0.8043442302305108
1449,430,7,2.95,0.25,0.8746638781618
1450,430,7,3.0,0.25,0.32917158221932075
1451,430,7,3.05,0.25,0.32917158221932075
1452,432,7,2.0,0.25,-0.18057920572354835
1453,432,7,2.05,0.25,-0.09680111270255662
1454,432,7,2.1,0.25,-0.03531464406969784
1455,432,7,2.15,0.25,0.2564594418080905
1456,432,7,2.2,0.25,0.34358184185473256
1457,432,7,2.25,0.25,0.3357066564701306
1458,432,7,2.3,0.25,0.09946901491894286
1459,432,7,2.35,0.25,0.13714708812231335
1460,432,7,2.4,0.25,0.4660902154248179
1461,432,7,2.45,0.25,0.46992294763721654
1462,432,7,2.5,0.25,0.21763917212877412
1463,432,7,2.55,0.25,0.20697044922226843
1464,432,7,2.6,0.25,0.2946093428559424
1465,432,7,2.65,0.25,0.47722121756234515
1466,432,7,2.7,0.25,0.7202614312134157
1467,432,7,2.75,0.25,0.9124895958905911
1468,432,7,2.8,0.25,0.9703834007000397
1469,432,7,2.85,0.25,0.8180675962685102
1470,432,7,2.9,0.25,0.8180675962685102
1471,432,7,2.95,0.25,0.8180675962685102
1472,432,7,3.0,0.25,0.23421632654443342
1473,432,7,3.05,0.25,0.23421632654443342
1474,434,7,2.0,0.25,-0.11771326842771511
1475,434,7,2.05,0.25,-0.11988545924542898
1476,434,7,2.1,0.25,-0.11048659000779648
1477,434,7,2.15,0.25,0.02952455166548748
1478,434,7,2.2,0.25,-0.0675933931770978
1479,434,7,2.25,0.25,-0.012732978524636557
1480,434,7,2.3,0.25,0.029036182407729934
1481,434,7,2.35,0.25,0.04874879837525209
1482,434,7,2.4,0.25,0.04638161185501628
1483,434,7,2.45,0.25,0.13207524456035158
1484,434,7,2.5,0.25,0.5610479172169914
1485,434,7,2.55,0.25,0.2579031614897572
1486,434,7,2.6,0.25,0.20822628188755532
1487,434,7,2.65,0.25,0.2179494300485881
1488,434,7,2.7,0.25,0.044134833868239666
1489,434,7,2.75,0.25,0.6925963604346459
1490,434,7,2.8,0.25,0.34652538572277725
1491,434,7,2.85,0.25,0.33630635712373663
1492,434,7,2.9,0.25,0.13245762905182676
1493,434,7,2.95,0.25,0.0817272695222176
1494,434,7,3.0,0.25,inf
1495,434,7,3.05,0.25,inf
1496,436,7,2.0,0.25,0.0643543231362413
1497,436,7,2.05,0.25,-0.18520057753039848
1498,436,7,2.1,0.25,-0.10602501066417837
1499,436,7,2.15,0.25,0.10251011929996033
1500,436,7,2.2,0.25,0.005656108406502361
1501,436,7,2.25,0.25,-0.022440615621591484
1502,436,7,2.3,0.25,-0.19261877499699231
1503,436,7,2.35,0.25,-0.09995655028269142
1504,436,7,2.4,0.25,0.08443118373063294
1505,436,7,2.45,0.25,0.20932997306560286
1506,436,7,2.5,0.25,-0.23503083352086895
1507,436,7,2.55,0.25,-0.5362222024792368
1508,436,7,2.6,0.25,0.16521145085010627
1509,436,7,2.65,0.25,0.4985659442072057
1510,436,7,2.7,0.25,0.4913652853063629
1511,436,7,2.75,0.25,0.5070080453123006
1512,436,7,2.8,0.25,0.36146830073113423
1513,436,7,2.85,0.25,0.24420344741404798
1514,436,7,2.9,0.25,0.39973101592543414
1515,436,7,2.95,0.25,inf
1516,436,7,3.0,0.25,inf
1517,436,7,3.05,0.25,inf
1518,438,7,2.0,0.25,-0.017631187328067597
1519,438,7,2.05,0.25,-0.08990411850260953
1520,438,7,2.1,0.25,0.09074190363766349
1521,438,7,2.15,0.25,0.07263563651946316
1522,438,7,2.2,0.25,0.2223540076027265
1523,438,7,2.25,0.25,0.01900072042319018
1524,438,7,2.3,0.25,0.05444330820361121
1525,438,7,2.35,0.25,0.3082392580932462
1526,438,7,2.4,0.25,0.34482099053239257
1527,438,7,2.45,0.25,0.3229009904694697
1528,438,7,2.5,0.25,0.1975611773183823
1529,438,7,2.55,0.25,0.08666669686620335
1530,438,7,2.6,0.25,0.04177931260880575
1531,438,7,2.65,0.25,-0.3561703643894019
1532,438,7,2.7,0.25,-0.16427334732432264
1533,438,7,2.75,0.25,-0.44760791626075763
1534,438,7,2.8,0.25,-0.6249190983330449
1535,438,7,2.85,0.25,-0.18141484894354268
1536,438,7,2.9,0.25,-0.18141484894354268
1537,438,7,2.95,0.25,-0.18141484894354268
1538,438,7,3.0,0.25,-0.18141484894354268
1539,438,7,3.05,0.25,-0.18141484894354268
1540,440,7,2.0,0.25,-0.2220301843506943
1541,440,7,2.05,0.25,-0.258201305698504
1542,440,7,2.1,0.25,-0.10916245055822082
1543,440,7,2.15,0.25,0.08558487176066752
1544,440,7,2.2,0.25,0.06016502075765899
1545,440,7,2.25,0.25,0.2765796732426624
1546,440,7,2.3,0.25,0.41544705811271854
1547,440,7,2.35,0.25,0.3672301917564792
1548,440,7,2.4,0.25,0.20312082163037937
1549,440,7,2.45,0.25,0.17020492351398975
1550,440,7,2.5,0.25,0.1449428252352569
1551,440,7,2.55,0.25,-0.019553887334965298
1552,440,7,2.6,0.25,0.027569562154152228
1553,440,7,2.65,0.25,0.15440130503831995
1554,440,7,2.7,0.25,0.16021765674417132
1555,440,7,2.75,0.25,-0.5459087803274363
1556,440,7,2.8,0.25,-0.6751199060941055
1557,440,7,2.85,0.25,-1.0582402643745483
1558,440,7,2.9,0.25,-0.9641928356621056
1559,440,7,2.95,0.25,-0.1347406152343598
1560,440,7,3.0,0.25,-0.1347406152343598
1561,440,7,3.05,0.25,-0.1347406152343598
1562,442,7,2.0,0.25,-0.20294389680148167
1563,442,7,2.05,0.25,-0.07685295219766052
1564,442,7,2.1,0.25,-0.15287509074592565
1565,442,7,2.15,0.25,0.13545936622684016
1566,442,7,2.2,0.25,-0.011210847370685976
1567,442,7,2.25,0.25,-0.07034073161062306
1568,442,7,2.3,0.25,0.15039908707221314
1569,442,7,2.35,0.25,0.2327533092471718
1570,442,7,2.4,0.25,0.18165925525395737
1571,442,7,2.45,0.25,0.07948635623137484
1572,442,7,2.5,0.25,0.007042464792883953
1573,442,7,2.55,0.25,-0.07723589265243112
1574,442,7,2.6,0.25,-0.12205412038797836
1575,442,7,2.65,0.25,0.10184805605232752
1576,442,7,2.7,0.25,-0.0030494948672636388
1577,442,7,2.75,0.25,-0.0030494948672636388
1578,442,7,2.8,0.25,-1.1029496956516185
1579,442,7,2.85,0.25,-1.1029496956516185
1580,442,7,2.9,0.25,-1.1652079847621313
1581,442,7,2.95,0.25,-1.1652079847621313
1582,442,7,3.0,0.25,-1.1652079847621313
1583,442,7,3.05,0.25,-1.1652079847621313
1584,444,7,2.0,0.25,-0.6299035956719312
1585,444,7,2.05,0.25,-0.5244610642930894
1586,444,7,2.1,0.25,-0.04891046726806063
1587,444,7,2.15,0.25,-0.08727072465936425
1588,444,7,2.2,0.25,-0.11178920228812178
1589,444,7,2.25,0.25,0.10806567337020204
1590,444,7,2.3,0.25,0.0941863053321196
1591,444,7,2.35,0.25,-0.1265472126879844
1592,444,7,2.4,0.25,-0.16579189058741572
1593,444,7,2.45,0.25,-0.2143659075242431
1594,444,7,2.5,0.25,0.01302892721849713
1595,444,7,2.55,0.25,-0.005218381473000081
1596,444,7,2.6,0.25,0.17109204544654205
1597,444,7,2.65,0.25,-0.06382617749255341
1598,444,7,2.7,0.25,-0.1902313841943222
1599,444,7,2.75,0.25,-0.9202492085391213
1600,444,7,2.8,0.25,-1.0697207852341237
1601,444,7,2.85,0.25,-1.0879382016354624
1602,444,7,2.9,0.25,-1.0879382016354624
1603,444,7,2.95,0.25,-1.0621086525108947
1604,444,7,3.0,0.25,-1.0621086525108947
1605,444,7,3.05,0.25,-1.0332180731013267
1606,446,7,2.0,0.25,-0.181035484614978
1607,446,7,2.05,0.25,-0.2949109091354399
1608,446,7,2.1,0.25,0.008079169916144442
1609,446,7,2.15,0.25,0.0799932192990635
1610,446,7,2.2,0.25,0.03215476803722373
1611,446,7,2.25,0.25,-0.005419851023278116
1612,446,7,2.3,0.25,0.18954330425046478
1613,446,7,2.35,0.25,0.6248871135155785
1614,446,7,2.4,0.25,0.5578931892359931
1615,446,7,2.45,0.25,0.46722391941241403
1616,446,7,2.5,0.25,0.4697669766456045
1617,446,7,2.55,0.25,0.43624752108585274
1618,446,7,2.6,0.25,0.3387485180796209
1619,446,7,2.65,0.25,0.3229861689076312
1620,446,7,2.7,0.25,-0.46697183100338713
1621,446,7,2.75,0.25,-0.6215806098071198
1622,446,7,2.8,0.25,-0.5474488475733256
1623,446,7,2.85,0.25,-0.49741748848682227
1624,446,7,2.9,0.25,-0.441765471284305
1625,446,7,2.95,0.25,-0.441765471284305
1626,446,7,3.0,0.25,-0.4486941475711771
1627,446,7,3.05,0.25,0.31508603128288226
1628,448,7,2.0,0.25,-0.506152654294156
1629,448,7,2.05,0.25,-0.47527871063737925
1630,448,7,2.1,0.25,-0.3031896196613889
1631,448,7,2.15,0.25,-0.3143667040588673
1632,448,7,2.2,0.25,-0.22010745704915075
1633,448,7,2.25,0.25,0.0177443696692667
1634,448,7,2.3,0.25,0.10593271127236951
1635,448,7,2.35,0.25,0.08763185367634989
1636,448,7,2.4,0.25,0.23559287542537002
1637,448,7,2.45,0.25,0.2414061642335977
1638,448,7,2.5,0.25,0.052324704771652915
1639,448,7,2.55,0.25,0.25237585419245095
1640,448,7,2.6,0.25,0.11802713424228362
1641,448,7,2.65,0.25,0.1706783914978796
1642,448,7,2.7,0.25,0.2130454501596872
1643,448,7,2.75,0.25,0.056485117986022855
1644,448,7,2.8,0.25,-0.396988868146096
1645,448,7,2.85,0.25,-0.38181293519662113
1646,448,7,2.9,0.25,-0.36243278923727257
1647,448,7,2.95,0.25,0.20088433420278065
1648,448,7,3.0,0.25,0.5258953708104265
1649,448,7,3.05,0.25,0.1974065260289717
1650,450,7,2.0,0.25,-0.43725698809946234
1651,450,7,2.05,0.25,-0.30521251961986634
1652,450,7,2.1,0.25,-0.33206770305852995
1653,450,7,2.15,0.25,-0.12467398153802647
1654,450,7,2.2,0.25,-0.11359203174431706
1655,450,7,2.25,0.25,0.09389880319836133
1656,450,7,2.3,0.25,0.16081638364286244
1657,450,7,2.35,0.25,0.49058509503334036
1658,450,7,2.4,0.25,0.3974513682014104
1659,450,7,2.45,0.25,0.3454472243139353
1660,450,7,2.5,0.25,0.2513268472539925
1661,450,7,2.55,0.25,0.22190509240124226
1662,450,7,2.6,0.25,0.13219641287679088
1663,450,7,2.65,0.25,0.03162963393948579
1664,450,7,2.7,0.25,0.12234303123381378
1665,450,7,2.75,0.25,0.12234303123381378
1666,450,7,2.8,0.25,-0.32519957762759333
1667,450,7,2.85,0.25,-0.5069226092090351
1668,450,7,2.9,0.25,0.032392378582404735
1669,450,7,2.95,0.25,0.0408824216099577
1670,450,7,3.0,0.25,0.37408463073339543
1671,450,7,3.05,0.25,inf
1672,452,7,2.0,0.25,-0.486880320463555
1673,452,7,2.05,0.25,-0.14220374070747757
1674,452,7,2.1,0.25,-0.028882600491939917
1675,452,7,2.15,0.25,-0.15846618169363125
1676,452,7,2.2,0.25,-0.01698307117242042
1677,452,7,2.25,0.25,0.07847369468198337
1678,452,7,2.3,0.25,0.08695781708646776
1679,452,7,2.35,0.25,0.18854941820033172
1680,452,7,2.4,0.25,0.18170533976578446
1681,452,7,2.45,0.25,0.2524225861692001
1682,452,7,2.5,0.25,0.042913258070617105
1683,452,7,2.55,0.25,0.2635912413936407
1684,452,7,2.6,0.25,0.14474405933250264
1685,452,7,2.65,0.25,0.08863590752791162
1686,452,7,2.7,0.25,0.18592147050268135
1687,452,7,2.75,0.25,0.1830937926943023
1688,452,7,2.8,0.25,0.16747096803599587
1689,452,7,2.85,0.25,0.24159189461830377
1690,452,7,2.9,0.25,0.9447986874501193
1691,452,7,2.95,0.25,0.5265525669679609
1692,452,7,3.0,0.25,0.5265525669679609
1693,452,7,3.05,0.25,0.5265525669679609
1694,454,7,2.0,0.25,-0.10314274630108877
1695,454,7,2.05,0.25,-0.11927729373187149
1696,454,7,2.1,0.25,-0.21841691477079794
1697,454,7,2.15,0.25,-0.009258863056483659
1698,454,7,2.2,0.25,-0.052320427321870915
1699,454,7,2.25,0.25,-0.007326706909905108
1700,454,7,2.3,0.25,-0.039615850736000977
1701,454,7,2.35,0.25,0.15214231748408205
1702,454,7,2.4,0.25,0.3491686114890078
1703,454,7,2.45,0.25,0.4233094172056287
1704,454,7,2.5,0.25,0.30647273614028214
1705,454,7,2.55,0.25,0.34888281345096894
1706,454,7,2.6,0.25,0.3400159019606317
1707,454,7,2.65,0.25,0.265748107474328
1708,454,7,2.7,0.25,0.3087122920111947
1709,454,7,2.75,0.25,0.04938236958771178
1710,454,7,2.8,0.25,0.05242550084226374
1711,454,7,2.85,0.25,-0.08611170916417207
1712,454,7,2.9,0.25,-0.17005139187735938
1713,454,7,2.95,0.25,0.4880315059319324
1714,454,7,3.0,0.25,0.6990266695729488
1715,454,7,3.05,0.25,0.6990266695729488
1716,456,7,2.0,0.25,-0.010518870186468136
1717,456,7,2.05,0.25,-0.000925667492019886
1718,456,7,2.1,0.25,-0.146431624181221
1719,456,7,2.15,0.25,0.0966124891887615
1720,456,7,2.2,0.25,0.17041536243670063
1721,456,7,2.25,0.25,0.10544384461646335
1722,456,7,2.3,0.25,0.09639079421909151
1723,456,7,2.35,0.25,0.14065518226603027
1724,456,7,2.4,0.25,0.3269540693060309
1725,456,7,2.45,0.25,0.19546719111490038
1726,456,7,2.5,0.25,0.11383747928089016
1727,456,7,2.55,0.25,0.31787842859751114
1728,456,7,2.6,0.25,0.04351753318083486
1729,456,7,2.65,0.25,0.029645505637681636
1730,456,7,2.7,0.25,0.00806388750459066
1731,456,7,2.75,0.25,-0.11600441059902507
1732,456,7,2.8,0.25,-0.18319981051047304
1733,456,7,2.85,0.25,-0.28684584618188225
1734,456,7,2.9,0.25,-0.44327800782053267
1735,456,7,2.95,0.25,-0.5455362907717071
1736,456,7,3.0,0.25,0.5194189863274792
1737,456,7,3.05,0.25,0.6547392730796905
1738,458,7,2.0,0.25,0.14186465028222853
1739,458,7,2.05,0.25,0.1977642393832962
1740,458,7,2.1,0.25,0.20271331473958404
1741,458,7,2.15,0.25,0.37898940562702077
1742,458,7,2.2,0.25,0.15524640717456756
1743,458,7,2.25,0.25,0.3694972772485431
1744,458,7,2.3,0.25,0.39318423622770904
1745,458,7,2.35,0.25,0.5119311528440239
1746,458,7,2.4,0.25,0.4718480926586577
1747,458,7,2.45,0.25,0.6004915049899503
1748,458,7,2.5,0.25,0.8187131108250312
1749,458,7,2.55,0.25,0.8141224517647736
1750,458,7,2.6,0.25,0.7871373324560058
1751,458,7,2.65,0.25,0.7613839068495285
1752,458,7,2.7,0.25,0.6513224381669592
1753,458,7,2.75,0.25,0.661129278976911
1754,458,7,2.8,0.25,0.2937090980303881
1755,458,7,2.85,0.25,0.3002824807921266
1756,458,7,2.9,0.25,0.47456969030731533
1757,458,7,2.95,0.25,0.4381177249672201
1758,458,7,3.0,0.25,0.38953515247440695
1759,458,7,3.05,0.25,0.39955051315689727
1760,460,7,2.0,0.25,0.15410930628162103
1761,460,7,2.05,0.25,-0.011839632971739096
1762,460,7,2.1,0.25,-0.005502632551972446
1763,460,7,2.15,0.25,-0.005322827130251713
1764,460,7,2.2,0.25,-0.03123760240102939
1765,460,7,2.25,0.25,0.12677402224427883
1766,460,7,2.3,0.25,0.2816758228370017
1767,460,7,2.35,0.25,0.3175429349544624
1768,460,7,2.4,0.25,0.3868058040953517
1769,460,7,2.45,0.25,0.5638825919166319
1770,460,7,2.5,0.25,0.7210502914132677
1771,460,7,2.55,0.25,0.6571288283230992
1772,460,7,2.6,0.25,0.530126139306142
1773,460,7,2.65,0.25,0.5378401318847834
1774,460,7,2.7,0.25,0.5336133783069484
1775,460,7,2.75,0.25,0.42201982187303366
1776,460,7,2.8,0.25,0.31884704701473937
1777,460,7,2.85,0.25,0.526466417287824
1778,460,7,2.9,0.25,0.4617411130137413
1779,460,7,2.95,0.25,0.41246906010694523
1780,460,7,3.0,0.25,0.41246906010694523
1781,460,7,3.05,0.25,0.35089107101325134
1782,462,7,2.0,0.25,0.084650080432056
1783,462,7,2.05,0.25,0.009797241301928512
1784,462,7,2.1,0.25,0.07843729065427357
1785,462,7,2.15,0.25,0.3768786175135582
1786,462,7,2.2,0.25,0.24649817851503997
1787,462,7,2.25,0.25,0.24608268037885178
1788,462,7,2.3,0.25,0.3964071088570284
1789,462,7,2.35,0.25,0.5489576091320604
1790,462,7,2.4,0.25,0.6878223198865089
1791,462,7,2.45,0.25,0.683799868992433
1792,462,7,2.5,0.25,0.7897469954656376
1793,462,7,2.55,0.25,0.6573464246188386
1794,462,7,2.6,0.25,0.6203073293408528
1795,462,7,2.65,0.25,0.7578774614523789
1796,462,7,2.7,0.25,0.7144982473684542
1797,462,7,2.75,0.25,0.7143611238031341
1798,462,7,2.8,0.25,0.5823158486281358
1799,462,7,2.85,0.25,0.5292278522411403
1800,462,7,2.9,0.25,0.4353032955209356
1801,462,7,2.95,0.25,0.38300043305324305
1802,462,7,3.0,0.25,0.25129936365259165
1803,462,7,3.05,0.25,0.0505624699126798
1804,464,7,2.0,0.25,0.11611750461219222
1805,464,7,2.05,0.25,-0.007671614271939508
1806,464,7,2.1,0.25,-0.18747268586332105
1807,464,7,2.15,0.25,-0.1200348883459997
1808,464,7,2.2,0.25,0.12883943883388035
1809,464,7,2.25,0.25,0.17829998880208323
1810,464,7,2.3,0.25,0.19902182061948898
1811,464,7,2.35,0.25,0.37693676170584717
1812,464,7,2.4,0.25,0.6367325799726364
1813,464,7,2.45,0.25,0.6117330173275848
1814,464,7,2.5,0.25,0.6489465836194249
1815,464,7,2.55,0.25,0.5431109722179925
1816,464,7,2.6,0.25,0.5202194941027914
1817,464,7,2.65,0.25,0.7291907390580195
1818,464,7,2.7,0.25,0.7526136491961821
1819,464,7,2.75,0.25,0.6338912717069928
1820,464,7,2.8,0.25,0.565563681730413
1821,464,7,2.85,0.25,0.46954865938238455
1822,464,7,2.9,0.25,0.31448886013489535
1823,464,7,2.95,0.25,0.31448886013489535
1824,464,7,3.0,0.25,0.3608732385913594
1825,464,7,3.05,0.25,0.015627328907825058
1826,466,7,2.0,0.25,-0.6115458660048911
1827,466,7,2.05,0.25,-0.6287566469726732
1828,466,7,2.1,0.25,-0.5321511605272345
1829,466,7,2.15,0.25,-0.5829224377764953
1830,466,7,2.2,0.25,0.00457514682956652
1831,466,7,2.25,0.25,0.007177504602498948
1832,466,7,2.3,0.25,0.4619019711236181
1833,466,7,2.35,0.25,0.6970888623832895
1834,466,7,2.4,0.25,0.6034645825396764
1835,466,7,2.45,0.25,0.6029998656272978
1836,466,7,2.5,0.25,0.5261363691526857
1837,466,7,2.55,0.25,0.6033050760170438
1838,466,7,2.6,0.25,0.7695257668206033
1839,466,7,2.65,0.25,0.7002244319974849
1840,466,7,2.7,0.25,0.5772377823272409
1841,466,7,2.75,0.25,0.48212453675536837
1842,466,7,2.8,0.25,0.37160065503849926
1843,466,7,2.85,0.25,0.383039579866742
1844,466,7,2.9,0.25,0.37025660385540954
1845,466,7,2.95,0.25,0.026844926510733225
1846,466,7,3.0,0.25,0.026844926510733225
1847,466,7,3.05,0.25,0.026844926510733225
1848,468,7,2.0,0.25,-0.5849590798843647
1849,468,7,2.05,0.25,-0.4925013192747126
1850,468,7,2.1,0.25,-0.4920103643430244
1851,468,7,2.15,0.25,-0.5382694726731572
1852,468,7,2.2,0.25,-0.1943882435107367
1853,468,7,2.25,0.25,-0.025359347756778023
1854,468,7,2.3,0.25,0.2975058147206011
1855,468,7,2.35,0.25,0.6037513981284621
1856,468,7,2.4,0.25,0.720426389258609
1857,468,7,2.45,0.25,0.703613190962385
1858,468,7,2.5,0.25,0.7385988090230797
1859,468,7,2.55,0.25,0.6675864850839449
1860,468,7,2.6,0.25,0.24451311807317463
1861,468,7,2.65,0.25,0.3423362265232122
1862,468,7,2.7,0.25,0.31146476311099147
1863,468,7,2.75,0.25,0.35648731130198735
1864,468,7,2.8,0.25,0.3002798366405804
1865,468,7,2.85,0.25,0.25876319180604607
1866,468,7,2.9,0.25,0.02833824936957134
1867,468,7,2.95,0.25,0.02833824936957134
1868,468,7,3.0,0.25,0.02833824936957134
1869,468,7,3.05,0.25,inf
1870,470,7,2.0,0.25,-0.41578272840150154
1871,470,7,2.05,0.25,-0.2635310006913928
1872,470,7,2.1,0.25,-0.11493060434278883
1873,470,7,2.15,0.25,-0.25345326535843654
1874,470,7,2.2,0.25,-0.21898506979091592
1875,470,7,2.25,0.25,-0.1458023987229595
1876,470,7,2.3,0.25,0.05663916446538767
1877,470,7,2.35,0.25,0.44999303669035345
1878,470,7,2.4,0.25,0.7818151831777777
1879,470,7,2.45,0.25,0.6809460854381394
1880,470,7,2.5,0.25,0.6787658529609293
1881,470,7,2.55,0.25,0.3768474724456422
1882,470,7,2.6,0.25,0.22663856778177083
1883,470,7,2.65,0.25,0.18743842932714883
1884,470,7,2.7,0.25,0.3700050580058946
1885,470,7,2.75,0.25,0.4279259005969471
1886,470,7,2.8,0.25,0.4279259005969471
1887,470,7,2.85,0.25,0.37836744567835523
1888,470,7,2.9,0.25,0.35769190121963546
1889,470,7,2.95,0.25,0.05535060341042086
1890,470,7,3.0,0.25,inf
1891,470,7,3.05,0.25,inf
1892,472,7,2.0,0.25,-0.25035981424091885
1893,472,7,2.05,0.25,-0.09795722849921955
1894,472,7,2.1,0.25,-0.31956563588752923
1895,472,7,2.15,0.25,-0.2674463052087352
1896,472,7,2.2,0.25,-0.09530631895949772
1897,472,7,2.25,0.25,0.10948167584259919
1898,472,7,2.3,0.25,0.14423964940810852
1899,472,7,2.35,0.25,-0.014190696388041426
1900,472,7,2.4,0.25,0.18258395145441902
1901,472,7,2.45,0.25,0.181415843070522
1902,472,7,2.5,0.25,0.4431837617062353
1903,472,7,2.55,0.25,0.2737007224889892
1904,472,7,2.6,0.25,0.25554756472149925
1905,472,7,2.65,0.25,0.2699373666984912
1906,472,7,2.7,0.25,0.20307802971481248
1907,472,7,2.75,0.25,0.16168171780940177
1908,472,7,2.8,0.25,-0.9808888909583958
1909,472,7,2.85,0.25,-0.8520670400799711
1910,472,7,2.9,0.25,0.16438172934699127
1911,472,7,2.95,0.25,0.30747711370372416
1912,472,7,3.0,0.25,0.30747711370372416
1913,472,7,3.05,0.25,0.30747711370372416
1914,474,7,2.0,0.25,-0.2884580728007637
1915,474,7,2.05,0.25,-0.3011945968589216
1916,474,7,2.1,0.25,-0.4364488251252648
1917,474,7,2.15,0.25,-0.5873863732988407
1918,474,7,2.2,0.25,-0.5531107539229029
1919,474,7,2.25,0.25,-0.3485323809923954
1920,474,7,2.3,0.25,-0.18564263191282396
1921,474,7,2.35,0.25,-0.013373300596899658
1922,474,7,2.4,0.25,0.011027065868312178
1923,474,7,2.45,0.25,-0.03738306550696807
1924,474,7,2.5,0.25,-0.16289565739823753
1925,474,7,2.55,0.25,-0.03137735269576952
1926,474,7,2.6,0.25,-0.05568760726609204
1927,474,7,2.65,0.25,-0.2103279937551288
1928,474,7,2.7,0.25,-0.6189459845640957
1929,474,7,2.75,0.25,-0.6812721189520146
1930,474,7,2.8,0.25,-0.5145733514037742
1931,474,7,2.85,0.25,-0.5181776340772339
1932,474,7,2.9,0.25,-0.8892213202556668
1933,474,7,2.95,0.25,-0.8892213202556668
1934,474,7,3.0,0.25,-1.1482492791068133
1935,474,7,3.05,0.25,-1.390024350955741
1936,476,7,2.0,0.25,-0.4971416765034772
1937,476,7,2.05,0.25,-0.34259520236044266
1938,476,7,2.1,0.25,-0.41400894432888125
1939,476,7,2.15,0.25,-0.5602746352872575
1940,476,7,2.2,0.25,-0.46926907769390813
1941,476,7,2.25,0.25,-0.16984750838616425
1942,476,7,2.3,0.25,-0.17846279680022448
1943,476,7,2.35,0.25,-0.12626803946752027
1944,476,7,2.4,0.25,-0.09946684069568602
1945,476,7,2.45,0.25,-0.1654089057895365
1946,476,7,2.5,0.25,-0.29362797315637806
1947,476,7,2.55,0.25,-0.34695427619275854
1948,476,7,2.6,0.25,-0.09563288124258576
1949,476,7,2.65,0.25,-0.42890254915014253
1950,476,7,2.7,0.25,-0.45855650891546984
1951,476,7,2.75,0.25,-0.2657979582382615
1952,476,7,2.8,0.25,-0.5056946769893343
1953,476,7,2.85,0.25,-0.5056946769893343
1954,476,7,2.9,0.25,-0.4928982961540493
1955,476,7,2.95,0.25,-0.6207128837384245
1956,476,7,3.0,0.25,-0.6207128837384245
1957,476,7,3.05,0.25,0.3426210786954548
1958,478,7,2.0,0.25,-0.5382467678339985
1959,478,7,2.05,0.25,-0.30806107111733905
1960,478,7,2.1,0.25,-0.3050805691301202
1961,478,7,2.15,0.25,-0.3385188289909491
1962,478,7,2.2,0.25,-0.36332140255599543
1963,478,7,2.25,0.25,-0.08643720064133027
1964,478,7,2.3,0.25,-0.0018095108202352325
1965,478,7,2.35,0.25,-0.04893471288174219
1966,478,7,2.4,0.25,-0.2154295502307759
1967,478,7,2.45,0.25,-0.21199971303542378
1968,478,7,2.5,0.25,-0.2290768098427586
1969,478,7,2.55,0.25,-0.31786967577410935
1970,478,7,2.6,0.25,-0.729038400139549
1971,478,7,2.65,0.25,-0.40603519857312065
1972,478,7,2.7,0.25,-0.2609772372606438
1973,478,7,2.75,0.25,-0.2664460907433499
1974,478,7,2.8,0.25,-0.2556599914803908
1975,478,7,2.85,0.25,-0.04578741982483892
1976,478,7,2.9,0.25,-0.39956746096343915
1977,478,7,2.95,0.25,-0.5479659179695122
1978,478,7,3.0,0.25,-0.5479659179695122
1979,478,7,3.05,0.25,-0.5479659179695122
1980,480,7,2.0,0.25,-0.32810334999012636
1981,480,7,2.05,0.25,-0.33580620039978043
1982,480,7,2.1,0.25,-0.32683885272314533
1983,480,7,2.15,0.25,-0.3563504619162652
1984,480,7,2.2,0.25,-0.4325401792803422
1985,480,7,2.25,0.25,-0.2836668784768698
1986,480,7,2.3,0.25,-0.1256902386653583
1987,480,7,2.35,0.25,-0.08974002334799876
1988,480,7,2.4,0.25,-0.5529382430846291
1989,480,7,2.45,0.25,-0.6308854213791467
1990,480,7,2.5,0.25,-0.6985211472467264
1991,480,7,2.55,0.25,-0.6246919566539232
1992,480,7,2.6,0.25,-0.6183142918576228
1993,480,7,2.65,0.25,-0.6163596358796081
1994,480,7,2.7,0.25,0.17071498543132263
1995,480,7,2.75,0.25,0.03527818545997935
1996,480,7,2.8,0.25,-0.14613152591965947
1997,480,7,2.85,0.25,-0.23399189808837118
1998,480,7,2.9,0.25,-0.48654208660737447
1999,480,7,2.95,0.25,-0.48654208660737447
2000,480,7,3.0,0.25,-0.48654208660737447
2001,480,7,3.05,0.25,-0.48654208660737447
2002,482,7,2.0,0.25,-0.5511989992205224
2003,482,7,2.05,0.25,-0.6054328197539139
2004,482,7,2.1,0.25,-0.49753805818239716
2005,482,7,2.15,0.25,-0.30658568610485226
2006,482,7,2.2,0.25,-0.282909013761817
2007,482,7,2.25,0.25,-0.2567929174267299
2008,482,7,2.3,0.25,-0.2651604560408664
2009,482,7,2.35,0.25,-0.2523778960378176
2010,482,7,2.4,0.25,-0.32622575455907876
2011,482,7,2.45,0.25,-0.6857894979443132
2012,482,7,2.5,0.25,-0.7571285815671976
2013,482,7,2.55,0.25,-0.6883399195912504
2014,482,7,2.6,0.25,-0.9548054467373535
2015,482,7,2.65,0.25,-1.010228901325405
2016,482,7,2.7,0.25,-0.6811072890925166
2017,482,7,2.75,0.25,-0.5756560069356107
2018,482,7,2.8,0.25,-0.3795501066513952
2019,482,7,2.85,0.25,-0.41626465332088897
2020,482,7,2.9,0.25,-0.7184223479114304
2021,482,7,2.95,0.25,-0.600516450784478
2022,482,7,3.0,0.25,-0.600516450784478
2023,482,7,3.05,0.25,-0.630845311200466
2024,484,7,2.0,0.25,-0.6019494880025944
2025,484,7,2.05,0.25,-0.1936296858442497
2026,484,7,2.1,0.25,-0.1841603503610924
2027,484,7,2.15,0.25,-0.4135122411819453
2028,484,7,2.2,0.25,-0.1734625333367282
2029,484,7,2.25,0.25,-0.26755651650176343
2030,484,7,2.3,0.25,-0.19467731755560694
2031,484,7,2.35,0.25,-0.1031012938233784
2032,484,7,2.4,0.25,-0.09752502184126707
2033,484,7,2.45,0.25,-0.41910887579868356
2034,484,7,2.5,0.25,-0.7357204212515374
2035,484,7,2.55,0.25,-0.8618850279638972
2036,484,7,2.6,0.25,-0.8786912675834361
2037,484,7,2.65,0.25,-0.878877137684172
2038,484,7,2.7,0.25,-0.3445354467123912
2039,484,7,2.75,0.25,-0.44413271287998957
2040,484,7,2.8,0.25,-0.7321402182269451
2041,484,7,2.85,0.25,-0.7321402182269451
2042,484,7,2.9,0.25,-0.7546032349340452
2043,484,7,2.95,0.25,-0.7413726532173919
2044,484,7,3.0,0.25,-1.0809158623880821
2045,484,7,3.05,0.25,-1.1860452590721855
2046,486,7,2.0,0.25,-0.5625386873695758
2047,486,7,2.05,0.25,-0.5309457790591189
2048,486,7,2.1,0.25,-0.4546544117499618
2049,486,7,2.15,0.25,-0.5754555217634175
2050,486,7,2.2,0.25,-0.5113497360578293
2051,486,7,2.25,0.25,-0.5631065928930563
2052,486,7,2.3,0.25,-0.3673278196137801
2053,486,7,2.35,0.25,-0.2272015632753489
2054,486,7,2.4,0.25,-0.20251142801873834
2055,486,7,2.45,0.25,-0.6453086856324151
2056,486,7,2.5,0.25,-0.7258185755348064
2057,486,7,2.55,0.25,-0.779270866037852
2058,486,7,2.6,0.25,-0.275614559830766
2059,486,7,2.65,0.25,-0.13164815483333067
2060,486,7,2.7,0.25,-0.18924408180895103
2061,486,7,2.75,0.25,-0.2196746814977916
2062,486,7,2.8,0.25,-0.3084951392357045
2063,486,7,2.85,0.25,-0.30092088498514713
2064,486,7,2.9,0.25,-0.308521316216757
2065,486,7,2.95,0.25,-0.5815242425849659
2066,486,7,3.0,0.25,-0.8865420879716189
2067,486,7,3.05,0.25,-0.8910763753155846
2068,488,7,2.0,0.25,-0.4917411379972422
2069,488,7,2.05,0.25,-0.45081329844226864
2070,488,7,2.1,0.25,-0.40959635255779103
2071,488,7,2.15,0.25,-0.23004560162321597
2072,488,7,2.2,0.25,-0.2491371135869916
2073,488,7,2.25,0.25,-0.40164834581322423
2074,488,7,2.3,0.25,-0.16798053902746687
2075,488,7,2.35,0.25,-0.07607118125770554
2076,488,7,2.4,0.25,-0.3385723730397461
2077,488,7,2.45,0.25,-0.2647854453375496
2078,488,7,2.5,0.25,0.3610452375461182
2079,488,7,2.55,0.25,0.44308463086898775
2080,488,7,2.6,0.25,-0.20327793600007615
2081,488,7,2.65,0.25,-0.17352589357294004
2082,488,7,2.7,0.25,-0.42862947505276067
2083,488,7,2.75,0.25,-0.3471459541000404
2084,488,7,2.8,0.25,-0.2976055014148927
2085,488,7,2.85,0.25,-0.6145565748279602
2086,488,7,2.9,0.25,-0.6109152942360404
2087,488,7,2.95,0.25,-0.6109152942360404
2088,488,7,3.0,0.25,-0.6714934373235097
2089,488,7,3.05,0.25,-1.0626120875326386
2090,490,7,2.0,0.25,-0.5798944957146205
2091,490,7,2.05,0.25,-0.6273856051196242
2092,490,7,2.1,0.25,-0.5716197902254053
2093,490,7,2.15,0.25,-0.48806651135923423
2094,490,7,2.2,0.25,-0.4794728730657527
2095,490,7,2.25,0.25,-0.5993227613312232
2096,490,7,2.3,0.25,-0.5188588901598931
2097,490,7,2.35,0.25,-0.5347324984624425
2098,490,7,2.4,0.25,-0.6256888752392386
2099,490,7,2.45,0.25,-0.2374840361174582
2100,490,7,2.5,0.25,-0.5862573947132015
2101,490,7,2.55,0.25,-0.5915158233673847
2102,490,7,2.6,0.25,-0.5650904360867101
2103,490,7,2.65,0.25,-0.6352417277584901
2104,490,7,2.7,0.25,-0.6756223859514675
2105,490,7,2.75,0.25,-0.5505408673897323
2106,490,7,2.8,0.25,-0.60285371373106
2107,490,7,2.85,0.25,-0.8671385068367122
2108,490,7,2.9,0.25,-0.8392002921365577
2109,490,7,2.95,0.25,-0.5953794013094107
2110,490,7,3.0,0.25,-0.626226772078848
2111,490,7,3.05,0.25,-0.626226772078848
2112,492,7,2.0,0.25,-0.2801008202336432
2113,492,7,2.05,0.25,-0.3480102491153792
2114,492,7,2.1,0.25,-0.47603914947113246
2115,492,7,2.15,0.25,-0.473283412444486
2116,492,7,2.2,0.25,-0.3686248919295127
2117,492,7,2.25,0.25,-0.47659686342278007
2118,492,7,2.3,0.25,-0.5252985028932117
2119,492,7,2.35,0.25,0.32445096386178146
2120,492,7,2.4,0.25,0.04406701895234146
2121,492,7,2.45,0.25,-0.002512036813045178
2122,492,7,2.5,0.25,-0.11553917363957263
2123,492,7,2.55,0.25,-0.12662287776323422
2124,492,7,2.6,0.25,-0.09660251013213371
2125,492,7,2.65,0.25,-0.5850454808684907
2126,492,7,2.7,0.25,-0.5091478410444212
2127,492,7,2.75,0.25,-0.3445939098187507
2128,492,7,2.8,0.25,-0.4453265228417
2129,492,7,2.85,0.25,-0.5171384277212523
2130,492,7,2.9,0.25,-0.4817120112397877
2131,492,7,2.95,0.25,-0.3587059820177648
2132,492,7,3.0,0.25,-0.5032734379010194
2133,492,7,3.05,0.25,-0.5032734379010194
2134,494,7,2.0,0.25,-0.5954347647192652
2135,494,7,2.05,0.25,-0.5989896672044458
2136,494,7,2.1,0.25,-0.5373209051374718
2137,494,7,2.15,0.25,-0.5336434469158159
2138,494,7,2.2,0.25,-0.29942380221991416
2139,494,7,2.25,0.25,0.1478830913573188
2140,494,7,2.3,0.25,0.03938935388594376
2141,494,7,2.35,0.25,-0.2772389408538001
2142,494,7,2.4,0.25,-0.1777334532942972
2143,494,7,2.45,0.25,-0.13571167890980235
2144,494,7,2.5,0.25,-0.27537138696195584
2145,494,7,2.55,0.25,-0.2624353839647272
2146,494,7,2.6,0.25,-0.3069778353250982
2147,494,7,2.65,0.25,-0.19560162761258043
2148,494,7,2.7,0.25,0.09395518592809028
2149,494,7,2.75,0.25,-0.2531150716521733
2150,494,7,2.8,0.25,-0.04392383618561568
2151,494,7,2.85,0.25,-0.2936607151760905
2152,494,7,2.9,0.25,-0.5928497136694223
2153,494,7,2.95,0.25,-0.5928497136694223
2154,494,7,3.0,0.25,-0.5928497136694223
2155,494,7,3.05,0.25,-0.4239051994769752
2156,496,7,2.0,0.25,-0.4636491423317733
2157,496,7,2.05,0.25,-0.4331256092009873
2158,496,7,2.1,0.25,-0.43241735023943023
2159,496,7,2.15,0.25,-0.43613532744223493
2160,496,7,2.2,0.25,0.13782698286240233
2161,496,7,2.25,0.25,0.25034384394846176
2162,496,7,2.3,0.25,0.379214941078803
2163,496,7,2.35,0.25,0.049089685213572806
2164,496,7,2.4,0.25,-0.07345074107763315
2165,496,7,2.45,0.25,-0.29595325242925086
2166,496,7,2.5,0.25,-0.584699330112987
2167,496,7,2.55,0.25,-0.6092983492610742
2168,496,7,2.6,0.25,-0.565553790963021
2169,496,7,2.65,0.25,-0.5284272759065016
2170,496,7,2.7,0.25,-0.06280885049438985
2171,496,7,2.75,0.25,0.20340911329880762
2172,496,7,2.8,0.25,-0.004083241237541389
2173,496,7,2.85,0.25,-0.04942585294667397
2174,496,7,2.9,0.25,-0.21521204659181634
2175,496,7,2.95,0.25,-0.32921067526360415
2176,496,7,3.0,0.25,-0.30337240193637355
2177,496,7,3.05,0.25,-0.3123676841029934
2178,498,7,2.0,0.25,-0.5789578444391063
2179,498,7,2.05,0.25,-0.6442027094569804
2180,498,7,2.1,0.25,-0.38753124204097655
2181,498,7,2.15,0.25,-0.10069769748274124
2182,498,7,2.2,0.25,-0.15486979865652173
2183,498,7,2.25,0.25,0.13890119742361984
2184,498,7,2.3,0.25,0.16450492920499699
2185,498,7,2.35,0.25,0.15107000375719892
2186,498,7,2.4,0.25,-0.05442514670662878
2187,498,7,2.45,0.25,-0.21335593815340295
2188,498,7,2.5,0.25,-0.3705164746336021
2189,498,7,2.55,0.25,-0.25150975089047084
2190,498,7,2.6,0.25,-0.4795958072265309
2191,498,7,2.65,0.25,-0.0316730263472765
2192,498,7,2.7,0.25,0.09973238075012758
2193,498,7,2.75,0.25,0.11489159935138735
2194,498,7,2.8,0.25,0.15807135959830734
2195,498,7,2.85,0.25,0.1180579659474352
2196,498,7,2.9,0.25,0.006859479482564373
2197,498,7,2.95,0.25,-0.5241767414677512
2198,498,7,3.0,0.25,-0.3673791587890884
2199,498,7,3.05,0.25,-0.3522319241699953
2200,500,7,2.0,0.25,-0.4873916657485334
2201,500,7,2.05,0.25,-0.6468828155639296
2202,500,7,2.1,0.25,-0.644238102065321
2203,500,7,2.15,0.25,-0.8695297662253472
2204,500,7,2.2,0.25,-0.6098738197484612
2205,500,7,2.25,0.25,-0.13262490112505224
2206,500,7,2.3,0.25,0.5380152898539295
2207,500,7,2.35,0.25,0.5725292570495604
2208,500,7,2.4,0.25,0.5687887652226228
2209,500,7,2.45,0.25,0.5332895812065992
2210,500,7,2.5,0.25,0.293870803946565
2211,500,7,2.55,0.25,-0.06790709588330661
2212,500,7,2.6,0.25,0.062059777454938826
2213,500,7,2.65,0.25,0.07842767391364829
2214,500,7,2.7,0.25,0.06778951372300099
2215,500,7,2.75,0.25,-0.18503010970180564
2216,500,7,2.8,0.25,-0.15020372660682768
2217,500,7,2.85,0.25,-0.18081701604879663
2218,500,7,2.9,0.25,-0.41297178610816265
2219,500,7,2.95,0.25,-0.41297178610816265
2220,500,7,3.0,0.25,-0.17302875271145407
2221,500,7,3.05,0.25,-0.22532880788011106
