Date,Close
2022-10-24 22:29:44.494439,100.0
2022-10-25 22:29:44.494439,100.36202464699166
2022-10-26 22:29:44.494439,99.86536689800869
2022-10-27 22:29:44.494439,100.46900413237971
2022-10-28 22:29:44.494439,101.37589344634931
2022-10-31 22:29:44.494439,101.25794608813126
2022-11-01 22:29:44.494439,101.72248774147693
2022-11-02 22:29:44.494439,101.44941986938419
2022-11-03 22:29:44.494439,101.01746247290491
2022-11-04 22:29:44.494439,100.99045948855223
2022-11-07 22:29:44.494439,100.10253852773975
2022-11-08 22:29:44.494439,99.57130473164145
2022-11-09 22:29:44.494439,99.94331924875368
2022-11-10 22:29:44.494439,100.9191977366388
2022-11-11 22:29:44.494439,100.78475204400432
2022-11-14 22:29:44.494439,101.03194463191556
2022-11-15 22:29:44.494439,101.1873558118409
2022-11-16 22:29:44.494439,101.19944592286926
2022-11-17 22:29:44.494439,101.51727846977971
2022-11-18 22:29:44.494439,101.32055369561142
2022-11-21 22:29:44.494439,100.93911206170931
2022-11-22 22:29:44.494439,101.43894783485031
2022-11-23 22:29:44.494439,102.10457954656859
2022-11-24 22:29:44.494439,102.30419299775272
2022-11-25 22:29:44.494439,102.19911842528361
2022-11-28 22:29:44.494439,101.97686797176488
2022-11-29 22:29:44.494439,101.96559069178076
2022-11-30 22:29:44.494439,102.82221195210218
2022-12-01 22:29:44.494439,103.32331826560461
2022-12-02 22:29:44.494439,102.66616240416728
2022-12-05 22:29:44.494439,101.72322068668426
2022-12-06 22:29:44.494439,100.95562489416254
2022-12-07 22:29:44.494439,100.0643501055777
2022-12-08 22:29:44.494439,100.55314150228809
2022-12-09 22:29:44.494439,100.51273534799178
2022-12-12 22:29:44.494439,101.0997794907005
2022-12-13 22:29:44.494439,101.75840529127693
2022-12-14 22:29:44.494439,101.15265117461911
2022-12-15 22:29:44.494439,101.73061534432284
2022-12-16 22:29:44.494439,101.1197890656856
2022-12-19 22:29:44.494439,101.19048421243055
2022-12-20 22:29:44.494439,102.02711959594421
2022-12-21 22:29:44.494439,101.11737451799983
2022-12-22 22:29:44.494439,101.24182841780222
2022-12-23 22:29:44.494439,100.57252547527659
2022-12-26 22:29:44.494439,100.21608676780774
2022-12-27 22:29:44.494439,100.25719951960984
2022-12-28 22:29:44.494439,100.36150665312047
2022-12-29 22:29:44.494439,99.51697506186339
2022-12-30 22:29:44.494439,99.65055803406227
2023-01-02 22:29:44.494439,99.8723234645853
2023-01-03 22:29:44.494439,100.6699196221347
2023-01-04 22:29:44.494439,100.11372822743674
2023-01-05 22:29:44.494439,99.50281358510681
2023-01-06 22:29:44.494439,98.74986323546577
2023-01-09 22:29:44.494439,99.29036359581859
2023-01-10 22:29:44.494439,99.37978782468778
2023-01-11 22:29:44.494439,99.10026697234585
2023-01-12 22:29:44.494439,98.88446718326186
2023-01-13 22:29:44.494439,98.75396986627517
2023-01-16 22:29:44.494439,98.32532242723723
2023-01-17 22:29:44.494439,97.68469903452235
2023-01-18 22:29:44.494439,98.5790043135144
2023-01-19 22:29:44.494439,99.2231232505161
2023-01-20 22:29:44.494439,98.87140229447387
2023-01-23 22:29:44.494439,99.38914979848923
2023-01-24 22:29:44.494439,99.29743371954741
2023-01-25 22:29:44.494439,99.23874731130918
2023-01-26 22:29:44.494439,98.65074408130923
2023-01-27 22:29:44.494439,98.9062695639668
2023-01-30 22:29:44.494439,99.46755671469232
2023-01-31 22:29:44.494439,99.63365068446036
2023-02-01 22:29:44.494439,99.79914179490207
2023-02-02 22:29:44.494439,100.46171393932921
2023-02-03 22:29:44.494439,100.36848637025395
2023-02-06 22:29:44.494439,101.2329511248465
2023-02-07 22:29:44.494439,102.04981623684867
2023-02-08 22:29:44.494439,102.95973118879607
2023-02-09 22:29:44.494439,103.50261105021752
2023-02-10 22:29:44.494439,102.81662361598713
2023-02-13 22:29:44.494439,101.86987365851832
2023-02-14 22:29:44.494439,101.86363756214315
2023-02-15 22:29:44.494439,101.31355219729141
2023-02-16 22:29:44.494439,102.28758033937766
2023-02-17 22:29:44.494439,102.55420540753822
2023-02-20 22:29:44.494439,102.17257747735404
2023-02-21 22:29:44.494439,102.723896449051
2023-02-22 22:29:44.494439,103.04616444043259
2023-02-23 22:29:44.494439,103.30429140571226
2023-02-24 22:29:44.494439,104.10138364312296
2023-02-27 22:29:44.494439,103.13143794374216
2023-02-28 22:29:44.494439,103.43484998089009
2023-03-01 22:29:44.494439,102.99343188666954
2023-03-02 22:29:44.494439,103.44651912529406
2023-03-03 22:29:44.494439,104.30233817609496
2023-03-06 22:29:44.494439,104.78830126316302
2023-03-07 22:29:44.494439,104.907872233981
2023-03-08 22:29:44.494439,104.80141108597016
2023-03-09 22:29:44.494439,104.84535805369904
2023-03-10 22:29:44.494439,104.52911538308214
2023-03-13 22:29:44.494439,104.33783800413647
2023-03-14 22:29:44.494439,103.93794198355779
2023-03-15 22:29:44.494439,104.92013853129748
2023-03-16 22:29:44.494439,104.4695831723778
2023-03-17 22:29:44.494439,104.77975190387961
2023-03-20 22:29:44.494439,105.12736547805702
2023-03-21 22:29:44.494439,105.21565131745562
2023-03-22 22:29:44.494439,104.97467485577148
2023-03-23 22:29:44.494439,105.859171275334
2023-03-24 22:29:44.494439,106.29351089642157
2023-03-27 22:29:44.494439,107.18654546046935
2023-03-28 22:29:44.494439,107.09564385568873
2023-03-29 22:29:44.494439,106.59794706154412
2023-03-30 22:29:44.494439,106.38470598860575
2023-03-31 22:29:44.494439,106.94299672229398
2023-04-03 22:29:44.494439,106.18770175998266
2023-04-04 22:29:44.494439,106.45743545959505
2023-04-05 22:29:44.494439,105.7773965679715
2023-04-06 22:29:44.494439,105.58749584180448
2023-04-07 22:29:44.494439,105.34533418578609
2023-04-10 22:29:44.494439,105.87729520415853
2023-04-11 22:29:44.494439,105.4661170476074
2023-04-12 22:29:44.494439,104.91361185117236
2023-04-13 22:29:44.494439,104.77890132469203
2023-04-14 22:29:44.494439,105.71147279625457
2023-04-17 22:29:44.494439,106.36864410821896
2023-04-18 22:29:44.494439,106.84627582423991
2023-04-19 22:29:44.494439,107.13425722416488
2023-04-20 22:29:44.494439,107.79207575670704
2023-04-21 22:29:44.494439,108.28340216073389
2023-04-24 22:29:44.494439,107.42996804819938
2023-04-25 22:29:44.494439,107.80305150139166
2023-04-26 22:29:44.494439,107.20214873440952
2023-04-27 22:29:44.494439,106.51992313541011
2023-04-28 22:29:44.494439,107.02141519781955
2023-05-01 22:29:44.494439,106.39478263295791
2023-05-02 22:29:44.494439,106.55005992914685
2023-05-03 22:29:44.494439,106.22584373070156
2023-05-04 22:29:44.494439,106.12383546575775
2023-05-05 22:29:44.494439,107.10656311588289
2023-05-08 22:29:44.494439,106.13056809494067
2023-05-09 22:29:44.494439,106.67265802875335
2023-05-10 22:29:44.494439,107.29188383770637
2023-05-11 22:29:44.494439,106.8345313383736
2023-05-12 22:29:44.494439,106.11306673677466
2023-05-15 22:29:44.494439,105.3725227849748
2023-05-16 22:29:44.494439,105.57538965878959
2023-05-17 22:29:44.494439,106.29030250879298
2023-05-18 22:29:44.494439,105.65640051928534
2023-05-19 22:29:44.494439,106.53374854143091
2023-05-22 22:29:44.494439,107.40750481988397
2023-05-23 22:29:44.494439,107.9359894936751
2023-05-24 22:29:44.494439,107.75860166878175
2023-05-25 22:29:44.494439,107.69022934892908
2023-05-26 22:29:44.494439,107.69430740405322
2023-05-29 22:29:44.494439,107.03912483534843
2023-05-30 22:29:44.494439,106.33272498973456
2023-05-31 22:29:44.494439,106.87283284505969
2023-06-01 22:29:44.494439,107.13279058823467
2023-06-02 22:29:44.494439,108.04497896121981
2023-06-05 22:29:44.494439,107.65096065508799
2023-06-06 22:29:44.494439,107.02257990811138
2023-06-07 22:29:44.494439,107.2306242922979
2023-06-08 22:29:44.494439,106.96364540070273
2023-06-09 22:29:44.494439,106.51453889441429
2023-06-12 22:29:44.494439,106.20377856081326
2023-06-13 22:29:44.494439,107.03768039821699
2023-06-14 22:29:44.494439,106.15196920948354
2023-06-15 22:29:44.494439,106.98915723356222
2023-06-16 22:29:44.494439,107.81820759044396
2023-06-19 22:29:44.494439,108.78513995574535
2023-06-20 22:29:44.494439,108.57204250645644
2023-06-21 22:29:44.494439,108.43085788304269
2023-06-22 22:29:44.494439,108.15280691365611
2023-06-23 22:29:44.494439,108.53941177223763
2023-06-26 22:29:44.494439,108.30299773097981
2023-06-27 22:29:44.494439,107.95841506088453
2023-06-28 22:29:44.494439,107.71444270664125
2023-06-29 22:29:44.494439,107.25445188982499
2023-06-30 22:29:44.494439,106.84665241899421
2023-07-03 22:29:44.494439,106.21729069794723
2023-07-04 22:29:44.494439,106.22325965288708
2023-07-05 22:29:44.494439,106.61366533644966
2023-07-06 22:29:44.494439,106.61814031610868
2023-07-07 22:29:44.494439,106.94379100180575
2023-07-10 22:29:44.494439,107.68535303030701
2023-07-11 22:29:44.494439,107.49004936348233
2023-07-12 22:29:44.494439,107.55089768098667
2023-07-13 22:29:44.494439,106.77553344167501
2023-07-14 22:29:44.494439,106.5394734949249
2023-07-17 22:29:44.494439,106.11448647546099
2023-07-18 22:29:44.494439,106.38550922882688
2023-07-19 22:29:44.494439,106.18040729482945
2023-07-20 22:29:44.494439,107.14637180082715
2023-07-21 22:29:44.494439,107.47439295852675
2023-07-24 22:29:44.494439,107.47000464392096
2023-07-25 22:29:44.494439,107.71788883662681
2023-07-26 22:29:44.494439,108.58386786550298
2023-07-27 22:29:44.494439,108.44556346079439
2023-07-28 22:29:44.494439,108.7440851155304
2023-07-31 22:29:44.494439,109.40920327845475
2023-08-01 22:29:44.494439,110.02765428539796
2023-08-02 22:29:44.494439,110.19252779644097
2023-08-03 22:29:44.494439,109.64038574614204
2023-08-04 22:29:44.494439,110.55773957296029
2023-08-07 22:29:44.494439,110.20016822903565
2023-08-08 22:29:44.494439,110.88258128000471
2023-08-09 22:29:44.494439,110.92734077696278
2023-08-10 22:29:44.494439,110.69324431184627
2023-08-11 22:29:44.494439,110.01949420291123
2023-08-14 22:29:44.494439,109.75506265122604
2023-08-15 22:29:44.494439,110.52587899632604
2023-08-16 22:29:44.494439,111.22575951523062
2023-08-17 22:29:44.494439,110.86047376389492
2023-08-18 22:29:44.494439,111.5134100267049
2023-08-21 22:29:44.494439,112.22188238167365
2023-08-22 22:29:44.494439,111.34780182880276
2023-08-23 22:29:44.494439,112.04080783876111
2023-08-24 22:29:44.494439,112.94066960998406
2023-08-25 22:29:44.494439,112.16683860941748
2023-08-28 22:29:44.494439,111.41594255604656
2023-08-29 22:29:44.494439,111.97635169020589
2023-08-30 22:29:44.494439,112.15440746802673
2023-08-31 22:29:44.494439,111.60854484894787
2023-09-01 22:29:44.494439,112.42673858112346
2023-09-04 22:29:44.494439,112.14152666240417
2023-09-05 22:29:44.494439,111.19659964942497
2023-09-06 22:29:44.494439,112.185587278769
2023-09-07 22:29:44.494439,113.11199787830309
2023-09-08 22:29:44.494439,112.25051024058735
2023-09-11 22:29:44.494439,112.65048133076522
2023-09-12 22:29:44.494439,113.28543742172596
2023-09-13 22:29:44.494439,114.26972026615951
2023-09-14 22:29:44.494439,114.8994867950137
2023-09-15 22:29:44.494439,115.2679494749138
2023-09-18 22:29:44.494439,114.34281251530177
2023-09-19 22:29:44.494439,114.63548809196055
2023-09-20 22:29:44.494439,114.89885378267533
2023-09-21 22:29:44.494439,114.71939271328145
2023-09-22 22:29:44.494439,115.38123115629244
2023-09-25 22:29:44.494439,115.60213508125518
2023-09-26 22:29:44.494439,114.67295406440606
2023-09-27 22:29:44.494439,115.4531184700085
2023-09-28 22:29:44.494439,114.90968784984008
2023-09-29 22:29:44.494439,114.8273191396041
2023-10-02 22:29:44.494439,114.33691329992166
2023-10-03 22:29:44.494439,114.19793796804923
2023-10-04 22:29:44.494439,114.90807236177073
2023-10-05 22:29:44.494439,115.2579588300156
2023-10-06 22:29:44.494439,115.7862696545946
2023-10-09 22:29:44.494439,115.1695284220073
2023-10-10 22:29:44.494439,116.16599002151642
2023-10-11 22:29:44.494439,116.31507669193631
2023-10-12 22:29:44.494439,115.43798476699892
2023-10-13 22:29:44.494439,114.83516652577326
2023-10-16 22:29:44.494439,114.97610808867091
2023-10-17 22:29:44.494439,114.02777362800816
2023-10-18 22:29:44.494439,113.54828859675465
2023-10-19 22:29:44.494439,114.0024568033285
2023-10-20 22:29:44.494439,113.74308124442845
2023-10-23 22:29:44.494439,112.80859414272688
2023-10-24 22:29:44.494439,113.24382593659134
2023-10-25 22:29:44.494439,113.73872300706151
2023-10-26 22:29:44.494439,114.22864102874539
2023-10-27 22:29:44.494439,114.02395106712486
2023-10-30 22:29:44.494439,114.99611156725055
2023-10-31 22:29:44.494439,114.52262168370501
2023-11-01 22:29:44.494439,114.02967937574945
2023-11-02 22:29:44.494439,113.89618440735318
2023-11-03 22:29:44.494439,113.83072387937544
2023-11-06 22:29:44.494439,114.32494250893986
2023-11-07 22:29:44.494439,113.98073802763203
2023-11-08 22:29:44.494439,113.48638975631127
2023-11-09 22:29:44.494439,113.61105298008837
2023-11-10 22:29:44.494439,114.12213170512969
2023-11-13 22:29:44.494439,113.1429474047353
2023-11-14 22:29:44.494439,113.50168630117871
2023-11-15 22:29:44.494439,113.02851126212488
2023-11-16 22:29:44.494439,112.11015666838902
2023-11-17 22:29:44.494439,112.67445228201044
2023-11-20 22:29:44.494439,112.90868758609277
2023-11-21 22:29:44.494439,112.38903165036844
2023-11-22 22:29:44.494439,111.52775021948847
2023-11-23 22:29:44.494439,111.07970474287681
2023-11-24 22:29:44.494439,111.03672163370257
2023-11-27 22:29:44.494439,110.21882983420036
2023-11-28 22:29:44.494439,110.63493465317578
2023-11-29 22:29:44.494439,110.58631242001736
2023-11-30 22:29:44.494439,109.82798574856955
2023-12-01 22:29:44.494439,110.01368255815343
2023-12-04 22:29:44.494439,109.06455773243208
2023-12-05 22:29:44.494439,108.34545351488153
2023-12-06 22:29:44.494439,108.15060531222682
2023-12-07 22:29:44.494439,107.85389626630014
2023-12-08 22:29:44.494439,107.29386112815504
2023-12-11 22:29:44.494439,106.47965367921555
2023-12-12 22:29:44.494439,107.36166073412086
2023-12-13 22:29:44.494439,107.87461429430189
2023-12-14 22:29:44.494439,108.34023048990893
2023-12-15 22:29:44.494439,108.75492261605332
2023-12-18 22:29:44.494439,108.50593106355772
2023-12-19 22:29:44.494439,109.26546317471293
2023-12-20 22:29:44.494439,109.59030714162735
2023-12-21 22:29:44.494439,109.65568179639041
2023-12-22 22:29:44.494439,110.10293642646054
2023-12-25 22:29:44.494439,109.5930193344852
2023-12-26 22:29:44.494439,109.40223204942168
2023-12-27 22:29:44.494439,109.29125752578666
2023-12-28 22:29:44.494439,108.75558284279747
2023-12-29 22:29:44.494439,108.6373940999747
2024-01-01 22:29:44.494439,108.16832649899186
2024-01-02 22:29:44.494439,107.51104215024104
2024-01-03 22:29:44.494439,106.97417007372484
2024-01-04 22:29:44.494439,106.25514284906218
2024-01-05 22:29:44.494439,106.18113485766615
2024-01-08 22:29:44.494439,106.1632292943503
2024-01-09 22:29:44.494439,105.47781396923799
2024-01-10 22:29:44.494439,106.36828835853319
2024-01-11 22:29:44.494439,106.27439443166638
2024-01-12 22:29:44.494439,106.31954596553766
2024-01-15 22:29:44.494439,105.72600422446263
2024-01-16 22:29:44.494439,105.96950855652838
2024-01-17 22:29:44.494439,106.90197556887935
2024-01-18 22:29:44.494439,107.04161137068489
2024-01-19 22:29:44.494439,106.40258758412651
2024-01-22 22:29:44.494439,106.18047235563445
2024-01-23 22:29:44.494439,106.51464864064525
2024-01-24 22:29:44.494439,107.23764363565486
2024-01-25 22:29:44.494439,106.35370492734008
2024-01-26 22:29:44.494439,106.69566597827247
2024-01-29 22:29:44.494439,106.57830810802218
2024-01-30 22:29:44.494439,106.6226386901519
2024-01-31 22:29:44.494439,107.03545356712291
2024-02-01 22:29:44.494439,107.41294888992593
2024-02-02 22:29:44.494439,106.5853410352777
2024-02-05 22:29:44.494439,106.10257475664976
2024-02-06 22:29:44.494439,106.84129992729467
2024-02-07 22:29:44.494439,107.80080118011597
2024-02-08 22:29:44.494439,106.80608472361523
2024-02-09 22:29:44.494439,107.48928775341409
2024-02-12 22:29:44.494439,107.24007158531963
2024-02-13 22:29:44.494439,107.89289069160642
2024-02-14 22:29:44.494439,108.49161371835783
2024-02-15 22:29:44.494439,107.85134948887156
2024-02-16 22:29:44.494439,107.31869905431913
2024-02-19 22:29:44.494439,107.57949303777313
2024-02-20 22:29:44.494439,106.94838847665017
2024-02-21 22:29:44.494439,107.7060160174612
2024-02-22 22:29:44.494439,107.77073873602399
2024-02-23 22:29:44.494439,107.8913336844093
2024-02-26 22:29:44.494439,108.60121331029804
2024-02-27 22:29:44.494439,107.81464258380329
2024-02-28 22:29:44.494439,107.998927329149
2024-02-29 22:29:44.494439,108.03847080859337
2024-03-01 22:29:44.494439,108.30175079112621
2024-03-04 22:29:44.494439,107.65731160980785
2024-03-05 22:29:44.494439,106.69069757142826
2024-03-06 22:29:44.494439,106.62215227954114
2024-03-07 22:29:44.494439,106.54308040163889
2024-03-08 22:29:44.494439,107.02793618722818
2024-03-11 22:29:44.494439,107.48017888552924
2024-03-12 22:29:44.494439,107.23252767137375
2024-03-13 22:29:44.494439,107.10393769428144
2024-03-14 22:29:44.494439,107.40754052386131
2024-03-15 22:29:44.494439,106.9657270051895
2024-03-18 22:29:44.494439,106.34193881804165
2024-03-19 22:29:44.494439,107.2302449404952
2024-03-20 22:29:44.494439,106.9110822100727
2024-03-21 22:29:44.494439,106.57839744040716
2024-03-22 22:29:44.494439,106.8450880345279
2024-03-25 22:29:44.494439,106.78178463351857
2024-03-26 22:29:44.494439,105.96952406517696
2024-03-27 22:29:44.494439,106.91497778481599
2024-03-28 22:29:44.494439,106.77180494248444
2024-03-29 22:29:44.494439,106.24611056322065
2024-04-01 22:29:44.494439,105.79999461335022
2024-04-02 22:29:44.494439,105.56938584905592
2024-04-03 22:29:44.494439,106.1377137953778
2024-04-04 22:29:44.494439,106.64686519616015
2024-04-05 22:29:44.494439,107.08453690620749
2024-04-08 22:29:44.494439,106.60902501270627
2024-04-09 22:29:44.494439,107.53053028479174
2024-04-10 22:29:44.494439,108.05225945138454
2024-04-11 22:29:44.494439,107.08996281256653
2024-04-12 22:29:44.494439,107.39198352562721
2024-04-15 22:29:44.494439,107.86132519348803
2024-04-16 22:29:44.494439,108.74115492932047
2024-04-17 22:29:44.494439,108.00289000503727
2024-04-18 22:29:44.494439,108.584503844088
2024-04-19 22:29:44.494439,109.44964834926915
2024-04-22 22:29:44.494439,109.45823218705657
2024-04-23 22:29:44.494439,108.52052717695068
2024-04-24 22:29:44.494439,108.35457051563296
2024-04-25 22:29:44.494439,108.86765763441355
2024-04-26 22:29:44.494439,107.89572784576922
2024-04-29 22:29:44.494439,107.30681072324538
2024-04-30 22:29:44.494439,107.05038653342515
2024-05-01 22:29:44.494439,107.78892565106213
2024-05-02 22:29:44.494439,108.14564391286471
2024-05-03 22:29:44.494439,108.88908342658725
2024-05-06 22:29:44.494439,108.43841106040576
2024-05-07 22:29:44.494439,108.48584889886867
2024-05-08 22:29:44.494439,107.56225921399316
2024-05-09 22:29:44.494439,107.55391269212124
2024-05-10 22:29:44.494439,107.01965385122398
2024-05-13 22:29:44.494439,107.11702800339671
2024-05-14 22:29:44.494439,107.65003337136811
2024-05-15 22:29:44.494439,107.94758984041603
2024-05-16 22:29:44.494439,107.4330644144319
2024-05-17 22:29:44.494439,107.92549648461586
2024-05-20 22:29:44.494439,108.83303425415976
2024-05-21 22:29:44.494439,108.35857515584168
2024-05-22 22:29:44.494439,107.61803968480207
2024-05-23 22:29:44.494439,107.86145561746665
2024-05-24 22:29:44.494439,108.06321348649517
2024-05-27 22:29:44.494439,108.9676948593868
2024-05-28 22:29:44.494439,109.10466029241033
2024-05-29 22:29:44.494439,109.07206911627006
2024-05-30 22:29:44.494439,109.69655839639837
2024-05-31 22:29:44.494439,109.4994670418829
2024-06-03 22:29:44.494439,109.18577313677989
2024-06-04 22:29:44.494439,109.35122634048342
2024-06-05 22:29:44.494439,110.25334274819127
2024-06-06 22:29:44.494439,110.04993598247755
2024-06-07 22:29:44.494439,109.66492927514017
2024-06-10 22:29:44.494439,108.74409031149338
2024-06-11 22:29:44.494439,109.21099055274918
2024-06-12 22:29:44.494439,108.25516844224266
2024-06-13 22:29:44.494439,108.19958621206129
2024-06-14 22:29:44.494439,107.45749070180395
2024-06-17 22:29:44.494439,106.49907837121594
2024-06-18 22:29:44.494439,106.59390761950644
2024-06-19 22:29:44.494439,106.67787021051252
2024-06-20 22:29:44.494439,107.2251385116015
2024-06-21 22:29:44.494439,107.8443623505965
2024-06-24 22:29:44.494439,107.39931137736093
2024-06-25 22:29:44.494439,106.4057437871053
2024-06-26 22:29:44.494439,105.82537615919745
2024-06-27 22:29:44.494439,106.0876296177411
2024-06-28 22:29:44.494439,105.4873022198925
2024-07-01 22:29:44.494439,105.25664070354539
2024-07-02 22:29:44.494439,105.63249125008956
2024-07-03 22:29:44.494439,105.59180379993576
2024-07-04 22:29:44.494439,104.7390420873233
2024-07-05 22:29:44.494439,104.42149513685727
2024-07-08 22:29:44.494439,104.43043972345862
2024-07-09 22:29:44.494439,105.07185679233639
2024-07-10 22:29:44.494439,104.76941343141884
2024-07-11 22:29:44.494439,103.87637237899114
2024-07-12 22:29:44.494439,103.29214073878956
2024-07-15 22:29:44.494439,102.53065779841128
2024-07-16 22:29:44.494439,102.21969018419132
2024-07-17 22:29:44.494439,102.91969839324109
2024-07-18 22:29:44.494439,102.22333342962666
2024-07-19 22:29:44.494439,101.9874531957804
2024-07-22 22:29:44.494439,101.31647104778173
2024-07-23 22:29:44.494439,102.01750893547963
2024-07-24 22:29:44.494439,101.35152588157493
2024-07-25 22:29:44.494439,101.05687528548614
2024-07-26 22:29:44.494439,101.67068953316014
2024-07-29 22:29:44.494439,100.73315488704688
2024-07-30 22:29:44.494439,100.65732682209732
2024-07-31 22:29:44.494439,101.08619390520631
2024-08-01 22:29:44.494439,100.27988941342497
2024-08-02 22:29:44.494439,99.91897762748621
2024-08-05 22:29:44.494439,100.73064098364173
2024-08-06 22:29:44.494439,101.52115608023254
2024-08-07 22:29:44.494439,102.0756382496184
2024-08-08 22:29:44.494439,102.43379061120733
2024-08-09 22:29:44.494439,103.24223414426146
2024-08-12 22:29:44.494439,103.01103275050455
2024-08-13 22:29:44.494439,103.51123270862792
2024-08-14 22:29:44.494439,104.26198783037817
2024-08-15 22:29:44.494439,105.2012345448099
2024-08-16 22:29:44.494439,106.08748502449255
2024-08-19 22:29:44.494439,106.87455231824852
2024-08-20 22:29:44.494439,107.06096965360352
2024-08-21 22:29:44.494439,107.53567632503425
2024-08-22 22:29:44.494439,107.47233595151272
2024-08-23 22:29:44.494439,106.84491880358179
2024-08-26 22:29:44.494439,107.7667698671659
2024-08-27 22:29:44.494439,108.07812466676118
2024-08-28 22:29:44.494439,108.87918556137917
2024-08-29 22:29:44.494439,108.761742849177
2024-08-30 22:29:44.494439,108.35554263374549
2024-09-02 22:29:44.494439,108.07731285648279
2024-09-03 22:29:44.494439,108.95302877600221
2024-09-04 22:29:44.494439,108.26133483752557
2024-09-05 22:29:44.494439,109.06295136597814
2024-09-06 22:29:44.494439,109.54864265272937
2024-09-09 22:29:44.494439,110.39753237752937
2024-09-10 22:29:44.494439,110.64864942247193
2024-09-11 22:29:44.494439,110.31670085905023
2024-09-12 22:29:44.494439,111.17061384791312
2024-09-13 22:29:44.494439,110.60691506200818
2024-09-16 22:29:44.494439,109.67952214042414
2024-09-17 22:29:44.494439,108.7072944197625
2024-09-18 22:29:44.494439,108.00963457331467
2024-09-19 22:29:44.494439,107.454612406743
2024-09-20 22:29:44.494439,108.42205514719912
2024-09-23 22:29:44.494439,109.13754180894352
2024-09-24 22:29:44.494439,109.98877091529256
2024-09-25 22:29:44.494439,109.01039679555099
2024-09-26 22:29:44.494439,108.99499079988344
2024-09-27 22:29:44.494439,109.35204144847141
2024-09-30 22:29:44.494439,108.77716394342231
2024-10-01 22:29:44.494439,108.66794743042412
2024-10-02 22:29:44.494439,109.58334579194185
2024-10-03 22:29:44.494439,110.53665975554061
2024-10-04 22:29:44.494439,109.73449569498878
2024-10-07 22:29:44.494439,109.3911370285488
2024-10-08 22:29:44.494439,109.39518229619584
2024-10-09 22:29:44.494439,109.12618643089188
2024-10-10 22:29:44.494439,109.19563521128948
2024-10-11 22:29:44.494439,108.4278180974993
2024-10-14 22:29:44.494439,109.08982665288451
2024-10-15 22:29:44.494439,108.8242693448753
2024-10-16 22:29:44.494439,109.54683687065035
2024-10-17 22:29:44.494439,109.75488310769882
2024-10-18 22:29:44.494439,108.7884218142638
2024-10-21 22:29:44.494439,108.89026625696967
2024-10-22 22:29:44.494439,108.16173293241839
2024-10-23 22:29:44.494439,107.44925192675932
2024-10-24 22:29:44.494439,107.15799230643893
2024-10-25 22:29:44.494439,106.3530989928828
2024-10-28 22:29:44.494439,106.69158289731861
2024-10-29 22:29:44.494439,106.23353070535819
2024-10-30 22:29:44.494439,107.22946165266244
2024-10-31 22:29:44.494439,106.58046168663392
2024-11-01 22:29:44.494439,105.85990272276915
2024-11-04 22:29:44.494439,105.60403089945702
2024-11-05 22:29:44.494439,105.31251286385377
2024-11-06 22:29:44.494439,104.66462140218407
2024-11-07 22:29:44.494439,105.44568589849787
2024-11-08 22:29:44.494439,104.58582011244829
2024-11-11 22:29:44.494439,104.00507280210509
2024-11-12 22:29:44.494439,103.56226399384889
2024-11-13 22:29:44.494439,104.3685763243868
2024-11-14 22:29:44.494439,103.39780003925434
2024-11-15 22:29:44.494439,102.79993486489198
2024-11-18 22:29:44.494439,103.15928713595967
2024-11-19 22:29:44.494439,102.4131775118405
2024-11-20 22:29:44.494439,103.3944727524625
2024-11-21 22:29:44.494439,103.75007874905
2024-11-22 22:29:44.494439,103.5746379279379
2024-11-25 22:29:44.494439,102.92981652825145
2024-11-26 22:29:44.494439,103.20767775615505
2024-11-27 22:29:44.494439,103.29523279775334
2024-11-28 22:29:44.494439,103.30901186052226
2024-11-29 22:29:44.494439,103.17647519682029
2024-12-02 22:29:44.494439,102.25638138996486
2024-12-03 22:29:44.494439,101.77198782140117
2024-12-04 22:29:44.494439,102.74302101346582
2024-12-05 22:29:44.494439,103.56982754559597
2024-12-06 22:29:44.494439,104.00444346988377
2024-12-09 22:29:44.494439,104.75072288820775
2024-12-10 22:29:44.494439,105.38073624094756
2024-12-11 22:29:44.494439,105.3743726874537
2024-12-12 22:29:44.494439,104.4007795609564
2024-12-13 22:29:44.494439,105.22330852994041
2024-12-16 22:29:44.494439,105.54431424817105
2024-12-17 22:29:44.494439,105.92649859954344
2024-12-18 22:29:44.494439,106.12332813903289
2024-12-19 22:29:44.494439,106.11146519620408
2024-12-20 22:29:44.494439,105.9398082305912
2024-12-23 22:29:44.494439,106.36348932306784
2024-12-24 22:29:44.494439,106.161798186349
2024-12-25 22:29:44.494439,106.07204017065382
2024-12-26 22:29:44.494439,105.51293392980341
2024-12-27 22:29:44.494439,106.03943015470918
2024-12-30 22:29:44.494439,106.73049820127243
2024-12-31 22:29:44.494439,106.67082696311248
2025-01-01 22:29:44.494439,107.22635347017861
2025-01-02 22:29:44.494439,108.15610823221337
2025-01-03 22:29:44.494439,107.95007154672854
2025-01-06 22:29:44.494439,107.0495503495146
2025-01-07 22:29:44.494439,107.91764636746392
2025-01-08 22:29:44.494439,108.81346784085552
2025-01-09 22:29:44.494439,109.56178982811224
2025-01-10 22:29:44.494439,110.27485433324034
2025-01-13 22:29:44.494439,109.45660929912252
2025-01-14 22:29:44.494439,108.88783614309787
2025-01-15 22:29:44.494439,107.94026137948222
2025-01-16 22:29:44.494439,108.75362325225456
2025-01-17 22:29:44.494439,108.26353065954014
2025-01-20 22:29:44.494439,108.11342914986376
2025-01-21 22:29:44.494439,109.10251862753371
2025-01-22 22:29:44.494439,108.68854483613492
2025-01-23 22:29:44.494439,108.55999077209505
2025-01-24 22:29:44.494439,108.06770868599081
2025-01-27 22:29:44.494439,108.92361057425725
2025-01-28 22:29:44.494439,108.84545355061623
2025-01-29 22:29:44.494439,109.39936771892293
2025-01-30 22:29:44.494439,109.4572644585962
2025-01-31 22:29:44.494439,109.71056803961274
2025-02-03 22:29:44.494439,110.37940403605022
2025-02-04 22:29:44.494439,110.33665127925335
2025-02-05 22:29:44.494439,110.18245112772235
2025-02-06 22:29:44.494439,109.31559614447092
2025-02-07 22:29:44.494439,109.95839212885537
2025-02-10 22:29:44.494439,110.21739910825835
2025-02-11 22:29:44.494439,109.79386019892706
2025-02-12 22:29:44.494439,110.39879413785678
2025-02-13 22:29:44.494439,110.26873305620124
2025-02-14 22:29:44.494439,111.08545264738882
2025-02-17 22:29:44.494439,110.83472676095037
2025-02-18 22:29:44.494439,111.05540182071339
2025-02-19 22:29:44.494439,110.47231831423308
2025-02-20 22:29:44.494439,111.23815293666783
2025-02-21 22:29:44.494439,111.3130615758773
2025-02-24 22:29:44.494439,111.19502839245304
2025-02-25 22:29:44.494439,110.82935830959018
2025-02-26 22:29:44.494439,111.09324305479926
2025-02-27 22:29:44.494439,111.62648266159059
2025-02-28 22:29:44.494439,112.25967466487339
2025-03-03 22:29:44.494439,111.54515171174543
2025-03-04 22:29:44.494439,111.87972702186084
2025-03-05 22:29:44.494439,112.68155067185546
2025-03-06 22:29:44.494439,111.86149337764802
2025-03-07 22:29:44.494439,111.25396886309005
2025-03-10 22:29:44.494439,110.58897696930849
2025-03-11 22:29:44.494439,110.29478415354221
2025-03-12 22:29:44.494439,111.09386456888296
2025-03-13 22:29:44.494439,110.90382843557813
2025-03-14 22:29:44.494439,109.90682446770323
2025-03-17 22:29:44.494439,109.9804335097103
2025-03-18 22:29:44.494439,109.74378802465338
2025-03-19 22:29:44.494439,108.83453039282975
2025-03-20 22:29:44.494439,108.08412095456245
2025-03-21 22:29:44.494439,107.6391217267211
2025-03-24 22:29:44.494439,107.5198775084571
2025-03-25 22:29:44.494439,108.07112301263243
2025-03-26 22:29:44.494439,107.11687600030314
2025-03-27 22:29:44.494439,107.27603062905763
2025-03-28 22:29:44.494439,107.68459044646404
2025-03-31 22:29:44.494439,107.12277150939595
2025-04-01 22:29:44.494439,107.81491506799257
2025-04-02 22:29:44.494439,107.99616405957522
2025-04-03 22:29:44.494439,107.33959857003147
2025-04-04 22:29:44.494439,107.209008705768
2025-04-07 22:29:44.494439,107.95250299788671
2025-04-08 22:29:44.494439,108.16573864445954
2025-04-09 22:29:44.494439,107.75173746613157
2025-04-10 22:29:44.494439,107.3246986849792
2025-04-11 22:29:44.494439,106.35084429211008
2025-04-14 22:29:44.494439,106.48330899203859
2025-04-15 22:29:44.494439,106.6271287603429
2025-04-16 22:29:44.494439,107.25733722626015
2025-04-17 22:29:44.494439,107.42130119464055
2025-04-18 22:29:44.494439,107.84142970805418
2025-04-21 22:29:44.494439,107.4381090019529
2025-04-22 22:29:44.494439,108.1467615814598
2025-04-23 22:29:44.494439,107.36515181890307
2025-04-24 22:29:44.494439,106.66255208327775
2025-04-25 22:29:44.494439,106.85835956434543
2025-04-28 22:29:44.494439,107.42704623814286
2025-04-29 22:29:44.494439,106.66577475136222
2025-04-30 22:29:44.494439,106.50535338015625
2025-05-01 22:29:44.494439,105.81457772613895
2025-05-02 22:29:44.494439,106.18835643597284
2025-05-05 22:29:44.494439,105.70660569566671
2025-05-06 22:29:44.494439,104.96907012865174
2025-05-07 22:29:44.494439,104.6513018894595
2025-05-08 22:29:44.494439,104.76182304672979
2025-05-09 22:29:44.494439,103.90168348519782
2025-05-12 22:29:44.494439,103.51226040599045
2025-05-13 22:29:44.494439,102.81532266407844
2025-05-14 22:29:44.494439,103.4660970190568
2025-05-15 22:29:44.494439,104.07664275573856
2025-05-16 22:29:44.494439,104.691920551572
2025-05-19 22:29:44.494439,105.16793309163195
2025-05-20 22:29:44.494439,105.21074912923153
2025-05-21 22:29:44.494439,105.86648174686282
2025-05-22 22:29:44.494439,106.18591045421311
2025-05-23 22:29:44.494439,106.78544713444978
2025-05-26 22:29:44.494439,106.6557008662925
2025-05-27 22:29:44.494439,106.38206841057712
2025-05-28 22:29:44.494439,105.8838592534121
2025-05-29 22:29:44.494439,106.42234958523562
2025-05-30 22:29:44.494439,106.09242080633888
2025-06-02 22:29:44.494439,106.03683171161752
2025-06-03 22:29:44.494439,106.37980024553488
2025-06-04 22:29:44.494439,106.6665378973039
2025-06-05 22:29:44.494439,106.69009983721534
2025-06-06 22:29:44.494439,105.84078163845523
2025-06-09 22:29:44.494439,106.00716280038631
2025-06-10 22:29:44.494439,106.11037988073761
2025-06-11 22:29:44.494439,105.14145897416768
2025-06-12 22:29:44.494439,104.89841638276235
2025-06-13 22:29:44.494439,105.43535708651619
2025-06-16 22:29:44.494439,105.26422026970536
2025-06-17 22:29:44.494439,104.40054841757346
2025-06-18 22:29:44.494439,105.0070870898072
2025-06-19 22:29:44.494439,104.85077569809079
2025-06-20 22:29:44.494439,104.59049278368819
2025-06-23 22:29:44.494439,104.73724618752097
2025-06-24 22:29:44.494439,104.7877542905994
2025-06-25 22:29:44.494439,105.11431011974094
2025-06-26 22:29:44.494439,104.82336496122812
2025-06-27 22:29:44.494439,104.07480202661873
2025-06-30 22:29:44.494439,104.13028870979866
2025-07-01 22:29:44.494439,104.88787983870478
2025-07-02 22:29:44.494439,105.1947874784694
2025-07-03 22:29:44.494439,105.99933643760257
2025-07-04 22:29:44.494439,106.91659713907652
2025-07-07 22:29:44.494439,107.1364051243596
2025-07-08 22:29:44.494439,107.62406180618571
2025-07-09 22:29:44.494439,108.54232969086891
2025-07-10 22:29:44.494439,108.41821919359172
2025-07-11 22:29:44.494439,109.13464511347486
2025-07-14 22:29:44.494439,109.0422112978029
2025-07-15 22:29:44.494439,108.56801254690274
2025-07-16 22:29:44.494439,109.25907126998366
2025-07-17 22:29:44.494439,108.38481665105995
2025-07-18 22:29:44.494439,108.37101780557815
2025-07-21 22:29:44.494439,107.925670385803
2025-07-22 22:29:44.494439,108.05949844417013
2025-07-23 22:29:44.494439,108.30259080239766
2025-07-24 22:29:44.494439,108.66102173616876
2025-07-25 22:29:44.494439,108.89500367263865
2025-07-28 22:29:44.494439,108.6211083280164
2025-07-29 22:29:44.494439,109.50293671671871
2025-07-30 22:29:44.494439,108.8931247079515
2025-07-31 22:29:44.494439,107.92103590321553
2025-08-01 22:29:44.494439,107.51287950605835
2025-08-04 22:29:44.494439,107.94235482092004
2025-08-05 22:29:44.494439,108.4028647885727
2025-08-06 22:29:44.494439,109.01424400646911
2025-08-07 22:29:44.494439,109.12264991357338
2025-08-08 22:29:44.494439,108.6581988580448
2025-08-11 22:29:44.494439,107.86607712719201
2025-08-12 22:29:44.494439,108.72757638951119
2025-08-13 22:29:44.494439,108.74383809203417
2025-08-14 22:29:44.494439,108.41633242953095
2025-08-15 22:29:44.494439,109.23293313897628
2025-08-18 22:29:44.494439,110.10016518991382
2025-08-19 22:29:44.494439,109.5343502114159
2025-08-20 22:29:44.494439,108.93782355697577
2025-08-21 22:29:44.494439,108.73778840957061
2025-08-22 22:29:44.494439,109.46155983718177
2025-08-25 22:29:44.494439,109.15561673329178
2025-08-26 22:29:44.494439,109.19063686126326
2025-08-27 22:29:44.494439,109.30545931497316
2025-08-28 22:29:44.494439,108.33170963755568
2025-08-29 22:29:44.494439,108.07461482004736
2025-09-01 22:29:44.494439,107.17874933590295
2025-09-02 22:29:44.494439,108.08566988389259
2025-09-03 22:29:44.494439,108.58454134699247
2025-09-04 22:29:44.494439,109.44319927892943
2025-09-05 22:29:44.494439,109.85025978834067
2025-09-08 22:29:44.494439,109.91130409138502
2025-09-09 22:29:44.494439,109.1034203252244
2025-09-10 22:29:44.494439,108.3803058839224
2025-09-11 22:29:44.494439,108.57377457645698
2025-09-12 22:29:44.494439,107.76626565075047
2025-09-15 22:29:44.494439,107.0537300893635
2025-09-16 22:29:44.494439,106.55456322591493
2025-09-17 22:29:44.494439,105.75563427759342
2025-09-18 22:29:44.494439,105.09712540276747
2025-09-19 22:29:44.494439,105.79027435476848
2025-09-22 22:29:44.494439,106.67775511300054
2025-09-23 22:29:44.494439,105.8327210708822
2025-09-24 22:29:44.494439,106.39847679622477
2025-09-25 22:29:44.494439,106.8489479740074
2025-09-26 22:29:44.494439,106.9921178429099
2025-09-29 22:29:44.494439,107.1847250095288
2025-09-30 22:29:44.494439,107.78065733744316
2025-10-01 22:29:44.494439,107.33526638001736
2025-10-02 22:29:44.494439,106.67286122484106
2025-10-03 22:29:44.494439,107.12203324311278
2025-10-06 22:29:44.494439,107.65801907109989
2025-10-07 22:29:44.494439,107.25816990911079
2025-10-08 22:29:44.494439,106.30198933094373
2025-10-09 22:29:44.494439,105.62115310860534
2025-10-10 22:29:44.494439,105.9812462170154
2025-10-13 22:29:44.494439,105.00913020123086
2025-10-14 22:29:44.494439,104.6638518087573
2025-10-15 22:29:44.494439,104.13041734086505
2025-10-16 22:29:44.494439,104.71826601313641
2025-10-17 22:29:44.494439,103.85808340975916
2025-10-20 22:29:44.494439,104.58253298455986
2025-10-21 22:29:44.494439,105.25025595626761
2025-10-22 22:29:44.494439,105.64229954764214
2025-10-23 22:29:44.494439,105.86878211064138
2025-10-24 22:29:44.494439,105.38262750465908
2025-10-27 22:29:44.494439,106.00037844451965
2025-10-28 22:29:44.494439,106.89247961076266
2025-10-29 22:29:44.494439,106.44661570276143
2025-10-30 22:29:44.494439,107.06466509010487
2025-10-31 22:29:44.494439,106.84973885327054
2025-11-03 22:29:44.494439,106.23978564093589
2025-11-04 22:29:44.494439,106.84295485276792
2025-11-05 22:29:44.494439,106.03587306898135
2025-11-06 22:29:44.494439,106.7707235728146
2025-11-07 22:29:44.494439,105.811528418546
2025-11-10 22:29:44.494439,105.54490560543171
2025-11-11 22:29:44.494439,104.86882535364147
2025-11-12 22:29:44.494439,105.76125022461541
2025-11-13 22:29:44.494439,105.0278503340266
2025-11-14 22:29:44.494439,104.21845355603429
2025-11-17 22:29:44.494439,103.93265571307828
2025-11-18 22:29:44.494439,104.86450110939157
2025-11-19 22:29:44.494439,104.73805732705318
2025-11-20 22:29:44.494439,105.43451732951105
2025-11-21 22:29:44.494439,105.30652846161706
2025-11-24 22:29:44.494439,105.75661655730377
2025-11-25 22:29:44.494439,105.392111892985
2025-11-26 22:29:44.494439,105.35434185464214
2025-11-27 22:29:44.494439,105.11280500397385
2025-11-28 22:29:44.494439,104.88867096325197
2025-12-01 22:29:44.494439,105.27584010297076
2025-12-02 22:29:44.494439,105.16269826431662
2025-12-03 22:29:44.494439,104.37930815207207
2025-12-04 22:29:44.494439,105.17443503117417
2025-12-05 22:29:44.494439,105.0131659325852
2025-12-08 22:29:44.494439,104.93150463003742
2025-12-09 22:29:44.494439,105.8499049883323
2025-12-10 22:29:44.494439,105.31662510400739
2025-12-11 22:29:44.494439,105.79282367165852
2025-12-12 22:29:44.494439,105.15383637308938
2025-12-15 22:29:44.494439,104.3295903343404
2025-12-16 22:29:44.494439,104.55349836746305
2025-12-17 22:29:44.494439,103.58119146669107
2025-12-18 22:29:44.494439,103.64769138051979
2025-12-19 22:29:44.494439,104.54471768116416
2025-12-22 22:29:44.494439,104.57050293128587
2025-12-23 22:29:44.494439,105.02570239909937
2025-12-24 22:29:44.494439,105.67970352800012
2025-12-25 22:29:44.494439,106.50402493350987
2025-12-26 22:29:44.494439,105.64926771963351
2025-12-29 22:29:44.494439,105.36661487862848
2025-12-30 22:29:44.494439,104.7544397850428
2025-12-31 22:29:44.494439,105.2348465010124
2026-01-01 22:29:44.494439,104.4318902087138
2026-01-02 22:29:44.494439,104.84330322134912
2026-01-05 22:29:44.494439,104.56474187432372
2026-01-06 22:29:44.494439,105.42994783522035
2026-01-07 22:29:44.494439,105.17381663141181
2026-01-08 22:29:44.494439,104.49541681638301
2026-01-09 22:29:44.494439,105.35860574369566
2026-01-12 22:29:44.494439,105.15680067443824
2026-01-13 22:29:44.494439,105.58340925791315
2026-01-14 22:29:44.494439,106.02646260514938
2026-01-15 22:29:44.494439,105.63351980872325
2026-01-16 22:29:44.494439,105.01161225036405
2026-01-19 22:29:44.494439,104.48978307123727
2026-01-20 22:29:44.494439,104.32175148809681
2026-01-21 22:29:44.494439,103.89595401723976
2026-01-22 22:29:44.494439,103.64693711610985
2026-01-23 22:29:44.494439,102.99943180866224
2026-01-26 22:29:44.494439,102.86876246048395
2026-01-27 22:29:44.494439,103.7264183730063
2026-01-28 22:29:44.494439,102.87859661794664
2026-01-29 22:29:44.494439,102.9584375185269
2026-01-30 22:29:44.494439,102.29100711733888
2026-02-02 22:29:44.494439,101.47332639995197
2026-02-03 22:29:44.494439,102.39749417163777
2026-02-04 22:29:44.494439,102.4004324741315
2026-02-05 22:29:44.494439,101.4105899963983
2026-02-06 22:29:44.494439,100.91952197232673
2026-02-09 22:29:44.494439,100.71944570957449
2026-02-10 22:29:44.494439,100.46177301069542
2026-02-11 22:29:44.494439,99.9756604915945
2026-02-12 22:29:44.494439,99.87447829460069
2026-02-13 22:29:44.494439,99.28840962974738
2026-02-16 22:29:44.494439,99.41785852371942
2026-02-17 22:29:44.494439,99.32434986169662
2026-02-18 22:29:44.494439,100.13530605388057
2026-02-19 22:29:44.494439,99.9713546097344
2026-02-20 22:29:44.494439,100.55815398952107
2026-02-23 22:29:44.494439,101.4329867250614
2026-02-24 22:29:44.494439,102.22349230055826
2026-02-25 22:29:44.494439,102.58516137430873
2026-02-26 22:29:44.494439,101.97839221535574
2026-02-27 22:29:44.494439,102.22277563739313
2026-03-02 22:29:44.494439,102.24967244908416
2026-03-03 22:29:44.494439,101.73688366140858
2026-03-04 22:29:44.494439,102.21283979652455
2026-03-05 22:29:44.494439,102.57406046998352
2026-03-06 22:29:44.494439,102.10056707390139
2026-03-09 22:29:44.494439,102.01646046305478
2026-03-10 22:29:44.494439,101.15205280300012
2026-03-11 22:29:44.494439,100.5597904075895
2026-03-12 22:29:44.494439,100.60664883435459
2026-03-13 22:29:44.494439,99.77842323729358
2026-03-16 22:29:44.494439,99.10040232009352
2026-03-17 22:29:44.494439,99.3539823923538
2026-03-18 22:29:44.494439,99.83326072356121
2026-03-19 22:29:44.494439,100.55261002686852
2026-03-20 22:29:44.494439,101.06499261809644
2026-03-23 22:29:44.494439,101.75273717677854
2026-03-24 22:29:44.494439,102.61626965253251
2026-03-25 22:29:44.494439,102.06934485369517
2026-03-26 22:29:44.494439,102.74386412214373
2026-03-27 22:29:44.494439,103.09018000332964
2026-03-30 22:29:44.494439,103.43885262906836
2026-03-31 22:29:44.494439,103.76434693231042
2026-04-01 22:29:44.494439,104.6365838938276
2026-04-02 22:29:44.494439,104.50407140911254
2026-04-03 22:29:44.494439,104.40439998654819
2026-04-06 22:29:44.494439,104.92652544633971
2026-04-07 22:29:44.494439,105.20494552923188
2026-04-08 22:29:44.494439,105.5082722263489
2026-04-09 22:29:44.494439,105.1328000470668
2026-04-10 22:29:44.494439,104.37847659836521
2026-04-13 22:29:44.494439,103.50667490085333
2026-04-14 22:29:44.494439,103.18000537664419
2026-04-15 22:29:44.494439,103.36086768929451
2026-04-16 22:29:44.494439,103.59631796810997
2026-04-17 22:29:44.494439,103.81504173608889
2026-04-20 22:29:44.494439,104.31951737671875
2026-04-21 22:29:44.494439,104.76048602440909
2026-04-22 22:29:44.494439,103.95753532211269
2026-04-23 22:29:44.494439,104.93375251566715
2026-04-24 22:29:44.494439,104.06103319742496
2026-04-27 22:29:44.494439,103.65877727948738
2026-04-28 22:29:44.494439,102.91054207524651
2026-04-29 22:29:44.494439,102.25646728884843
2026-04-30 22:29:44.494439,102.06873015564713
2026-05-01 22:29:44.494439,101.4280602153901
2026-05-04 22:29:44.494439,101.8352893870527
2026-05-05 22:29:44.494439,102.51740167663209
2026-05-06 22:29:44.494439,102.77000286537965
2026-05-07 22:29:44.494439,102.93711269953522
2026-05-08 22:29:44.494439,101.96388891823287
2026-05-11 22:29:44.494439,101.79741821780165
2026-05-12 22:29:44.494439,101.89381944078002
2026-05-13 22:29:44.494439,101.20380598712838
2026-05-14 22:29:44.494439,100.57666499614574
2026-05-15 22:29:44.494439,100.20315448570595
2026-05-18 22:29:44.494439,100.06228960883965
2026-05-19 22:29:44.494439,100.20183452219521
2026-05-20 22:29:44.494439,101.10060390689527
2026-05-21 22:29:44.494439,100.48729408865721
2026-05-22 22:29:44.494439,100.93463911295132
2026-05-25 22:29:44.494439,101.90997244685997
2026-05-26 22:29:44.494439,100.99035606728343
2026-05-27 22:29:44.494439,101.34808028006596
2026-05-28 22:29:44.494439,100.51990104695341
2026-05-29 22:29:44.494439,100.71950257495001
2026-06-01 22:29:44.494439,100.45757567253158
2026-06-02 22:29:44.494439,100.15104420671915
2026-06-03 22:29:44.494439,101.08724323157483
2026-06-04 22:29:44.494439,101.23532656712531
2026-06-05 22:29:44.494439,101.7212543955336
2026-06-08 22:29:44.494439,102.02304571214351
2026-06-09 22:29:44.494439,102.38042686139339
2026-06-10 22:29:44.494439,102.25819449459557
2026-06-11 22:29:44.494439,102.81330635748132
2026-06-12 22:29:44.494439,102.16079188357202
2026-06-15 22:29:44.494439,102.06212388651552
2026-06-16 22:29:44.494439,101.3657588482726
2026-06-17 22:29:44.494439,101.59714587828014
2026-06-18 22:29:44.494439,101.76182359754776
2026-06-19 22:29:44.494439,102.73380391939591
2026-06-22 22:29:44.494439,102.3486677077045
2026-06-23 22:29:44.494439,102.4444579197856
2026-06-24 22:29:44.494439,103.07279341379451
2026-06-25 22:29:44.494439,103.38950909865767
2026-06-26 22:29:44.494439,102.77395810199077
2026-06-29 22:29:44.494439,101.94630399151431
2026-06-30 22:29:44.494439,101.69251089383614
2026-07-01 22:29:44.494439,101.80095405691291
2026-07-02 22:29:44.494439,101.72684833386765
2026-07-03 22:29:44.494439,101.37936606589395
2026-07-06 22:29:44.494439,102.03305908353938
2026-07-07 22:29:44.494439,103.02301012693296
2026-07-08 22:29:44.494439,102.53461013474353
2026-07-09 22:29:44.494439,101.62810858411473
2026-07-10 22:29:44.494439,100.83848919554174
2026-07-13 22:29:44.494439,101.24503560110294
2026-07-14 22:29:44.494439,101.44785651285173
2026-07-15 22:29:44.494439,101.30678626450745
2026-07-16 22:29:44.494439,100.73926973002621
2026-07-17 22:29:44.494439,101.71941540864495
2026-07-20 22:29:44.494439,101.57709836679554
2026-07-21 22:29:44.494439,101.76685652146999
2026-07-22 22:29:44.494439,101.39686553554517
2026-07-23 22:29:44.494439,101.96849423082638
2026-07-24 22:29:44.494439,101.82031693348219
2026-07-27 22:29:44.494439,102.73484190301733
2026-07-28 22:29:44.494439,103.38347999147449
2026-07-29 22:29:44.494439,103.69639834513798
2026-07-30 22:29:44.494439,102.9049493606542
2026-07-31 22:29:44.494439,103.80526366455838
2026-08-03 22:29:44.494439,103.49241213673102
2026-08-04 22:29:44.494439,103.01372694245669
2026-08-05 22:29:44.494439,102.51927223328366
2026-08-06 22:29:44.494439,102.48204844381944
2026-08-07 22:29:44.494439,101.74312024489844
2026-08-10 22:29:44.494439,101.67251816420301
2026-08-11 22:29:44.494439,102.10001796145329
2026-08-12 22:29:44.494439,101.59098660819828
2026-08-13 22:29:44.494439,100.99079791483986
2026-08-14 22:29:44.494439,100.10257963124906
2026-08-17 22:29:44.494439,99.28903188364322
2026-08-18 22:29:44.494439,99.06886715492256
2026-08-19 22:29:44.494439,99.74009107016312
2026-08-20 22:29:44.494439,100.33449466043879
2026-08-21 22:29:44.494439,99.42484970608257
